feat_0,feat_1,feat_2,feat_3,feat_4,feat_5,feat_6,feat_7,feat_8,feat_9,target
0.99346729592736,1.0712004858045376,0.5925672738473307,-4.013417760704464,0.5806731149905828,2.1485560389439335,-1.3668583632808264,0.4505743427221024,-2.8447788250920527,-0.7508182016248492,1
0.5967671651457647,-1.7682614649751343,-0.49757083838520716,0.40148784607143173,-1.4474450177320657,1.5259444492105518,1.0018248536819372,-0.28073370234320705,1.0303382957912277,0.7202851978217872,0
0.6738223089652132,0.20117943072491085,0.4182057558879721,4.15715446311163,2.0791475249999083,-5.576297429323397,0.4258436586298291,0.5587916758264461,1.6828328836708462,0.009491968914419724,1
-2.064306310918101,-2.4275026770755534,1.3035079319347591,-2.9477922454799934,-1.8485082646532707,4.262308896817294,-0.97536602727825,-0.5080841994427826,-0.5012804457872034,-1.1122281856262988,0
2.5661999857596625,0.23473740468733773,-0.2243189708781048,-2.4826487020999255,1.1627742304321083,-0.29413174757732696,1.3111674978026244,0.5143522416643195,-1.985557263676164,-1.785654263816426,1
2.292325917704159,-2.020395200588429,-0.08087849786546131,-1.4566791537798989,2.005136256538023,-1.9188304762436306,-0.09139955750911445,2.14247598262513,-1.9515251549802484,-1.2946300126667885,1
-0.3723388258338135,-1.6798297211870072,-0.31030770538490365,-2.5889599402588512,0.6343129512750645,0.9430385465920619,-0.9680457585102453,0.8304194627712767,-1.6037272391971322,-1.4213741703134923,0
-1.919745846558262,-1.1578547917990956,0.5827375831738644,-3.343397428750069,-0.5994305996680511,4.0548764812364055,-0.6220348055543814,0.04803257524927029,-1.3025079323661637,0.3434938178826943,0
-1.7181262060583546,-1.682947955088815,-0.7097889922335351,-2.018768941352999,-1.559277811912712,4.376994319409048,-0.6143231440962944,-0.761230568124335,0.22594101443074138,0.8441944056820221,0
-1.6346893451656257,1.1384803881509296,-1.4769249275319014,-1.1578914267658862,1.445919791321875,-0.8139667935650755,-1.0973683189710666,-1.7559321316447574,0.1787347074606935,-3.008043279009164,0
-0.46570093876390084,0.4868956692909894,0.04693490206036963,-1.023396970018298,1.2864111142344863,-2.1900780759152236,-1.9782252493748103,3.629823021550738,-3.6390264055193926,-0.1495898643180249,1
3.8222436867822975,1.4665628231611363,-0.38736196455281124,-0.8888277107521225,0.5379157873910136,-2.0552174032959183,1.1395555360254692,-0.6163393688100636,-0.9393171050522839,-3.426036893826714,1
4.935645597992904,-1.6303096105504626,0.0022879361435040493,-3.2225417576922344,1.2937921377779418,-0.8978326236924886,-0.2430611988808665,1.1010915752515191,-2.4837344755775286,-3.355355965860336,1
-1.2567102396578869,0.7526371222396393,0.1812511626020504,0.23432293351025302,-2.4287202927481557,0.5653085396978361,-0.7380570836613916,2.2618699840948224,-2.0354169275943037,0.7377808042763538,1
-0.541475581027264,0.18129707890625568,-0.3780078990182172,1.0374513142517248,-1.3914856189544333,-2.1299104552764025,-0.8783230771797389,2.761449720015027,-2.046027118018238,-0.9336588691792007,0
-2.1731136167724094,0.09293611931257773,-1.2284438312657626,-1.4183036271434148,-1.6271154965970984,3.441944671329398,-1.8311448783383502,-1.6853613346460237,0.5592314642108539,-0.22686125987692596,0
-0.17856179465186583,0.7187859585627474,0.3958197810959231,2.464187064595169,1.8198188415196292,-4.2742032843692215,-0.17909328501615626,1.9662818311163028,-0.4170659970797983,0.7147068918835879,1
-1.5781339178801495,-0.8512722636104516,0.73463754545933,3.7936425060077426,0.38757756765259077,-3.1137047810776033,0.6928557558178116,-0.39983802275285507,2.567879345917798,-0.06544361471318949,1
-2.606745866397519,2.376987810661962,0.13429649724779288,0.9304300326672466,-0.5617481136851139,1.7342673873227221,1.1701987091966037,-2.408153310033996,1.9286846039143726,1.6318907092640105,0
0.09884688488944826,1.4370530788487237,0.7688396759688968,1.771451141866978,-5.128369074344184,0.0979248528201059,0.04930833152022263,1.0742566687937873,-0.9853301452466926,-1.3923120613649913,1
2.4808346934465924,-2.5816369355214324,-1.4741321320421057,-0.5766497057956574,-2.8127914614151934,0.8690077957864243,1.4288577078135674,2.675997396488945,-1.932940131548082,-0.433065738533585,0
1.7131783737044701,0.038783300244455865,0.3631156277445234,-0.8822455764999242,-0.8294316801031312,-0.8581651475059001,-0.6082265074447593,1.716793333191963,-2.2024077765511985,-1.6586893960914537,1
5.471311905715007,-1.7995044728682006,0.36414029605466136,-0.9923076715579495,2.8189169830530414,-3.345835391889652,0.1493634822711889,1.2812754596686993,-1.1993632574183297,-2.181939377362967,1
-1.3680997929711562,1.502614451928023,0.4486357645145273,-2.8953425930593006,-0.6314339888379961,3.188427343279464,1.4621959387176369,0.9685347606627929,-2.576214394049829,1.4413335256451223,1
0.219079079554083,-2.173797864971136,1.451001438131336,-0.27608331189643964,0.47521547207195813,-0.884695957966845,0.33085130461557777,0.527640510357916,-0.055042188399949885,-1.5367674825845161,1
0.32670428004119045,0.5580302163413273,-1.5304614097433769,2.2489321887875717,0.07280745383743525,-3.298458692465153,1.558789184496894,2.249575874924651,-0.8706923843367481,0.36710313062766997,1
2.3123673721663036,1.4395786387332348,0.1722543864110375,-1.8450824558574035,0.09550804451070061,0.02853740103801986,-1.1793691216326172,-0.33731183028783684,-1.4358768000284128,-1.9417996669455082,1
-0.507875886471824,2.6698282973164913,-0.059415181272494094,0.6449732656040033,-3.3903100487543023,0.6974128055946274,0.9495945713644882,0.27045615300850456,-1.064025834839319,-0.5885448757447436,1
-1.2660313767690956,-0.3225147355337955,0.017613251933657315,-1.1207260596970305,0.713845816166226,0.30559533536330347,0.2257615231117544,-1.2957919652836094,0.4037669543534277,-1.9315718505520239,0
2.1087794643458855,-0.5788685294990967,-0.1449045790814313,-1.650545730794382,0.4986379779508936,-0.9744507517526599,-1.5375847964491753,2.0254011611589315,-2.52501032356488,-1.3516569255030961,1
-0.8284881646403945,1.3982949401399138,-0.47741070619280046,0.36468057315234415,-3.683497353445104,0.6204711270318701,0.5265366836723071,2.404023571965989,-2.479973859872551,0.06689843738259116,1
1.452456051045531,-0.2741562741799387,-1.422974925261673,1.6763808997087493,-1.9742545346639657,-0.46635050111492093,1.036087651046256,-0.42336345968756073,1.0478724046851031,-0.7092741361040542,0
2.1273297994290665,0.15996102849199123,-0.41361566562964275,2.030072733675288,2.0312826890417375,-4.398333002005898,-0.38769991640856116,0.8567423485820351,0.24796826945026224,-0.6970099282927411,1
0.005510801877087079,-0.3790585830885197,0.0516609768510798,2.328805625900489,-0.22132025516941334,-2.715312221075516,0.9583858198420424,0.33976069943571374,0.84993104336094,-1.0776499834835591,1
-0.5007707108848549,0.2880842925174216,-0.9040682897360003,2.7154892048761905,-1.6479447969616672,-1.5022335344983626,0.19613145902390733,0.7810834863646539,0.5981892515961565,0.4462780903139023,0
4.671308506113704,0.18758956271044247,-0.2215132629521239,-2.5416561015284573,0.10465897718201123,-0.22111075555710755,0.5169465157483709,-0.5703236160184626,-1.4478422997962932,-3.569071497107852,1
2.668795864635996,-0.7592756200944473,-0.3882430535215389,-2.172101245309104,0.3991530048067393,-0.2008935915071592,-0.1108125602790875,0.8769459309742802,-1.8802783355493515,-2.0041525568778455,1
4.432428969567595,-0.02459083607331003,-0.5336003064391669,1.9646163771019052,3.5279929074420076,-5.783419262867691,0.5002404694365699,0.42304637505860654,0.5857795743191834,-1.438156848854476,1
0.45966759896248977,1.2829538626669368,0.3883120054234496,-0.5106871372322539,-1.586511102278723,-0.5171458323612085,0.06008599461516361,1.7903061941263232,-2.4389566867214514,-1.1325665236111238,1
0.0859779942011849,-0.3794647244737632,0.3123782104665717,-3.5671892980719444,-0.9745273565328059,0.6809558343567645,0.3733485597113982,2.44624438298718,-4.205789575474374,-3.0072804138324343,0
-0.7240886585563197,1.1016075010670108,0.5156280884439565,1.366132287091458,-0.13851503333323978,-2.2873540195234265,0.9753124584779789,0.19876766237356236,-0.04832502634716364,-1.4600669559661288,0
3.004081697618743,-0.9279492127499016,-0.218653277435036,1.2933454812844598,2.742972011709906,-4.28162992329262,-0.4545477187434442,1.0588218909402396,0.08014511505164235,-0.8174419351737532,1
0.10530739983732817,2.222916718319782,0.8861911885847956,-0.5214489733332673,-2.335983760557017,0.6044708422866069,1.3510728924131392,0.9146861995730846,-2.0056851238896587,-0.7140686726843071,1
-1.2419540947716676,1.8787551010752637,-0.031203488939083975,1.4178151495280522,-3.7218645035070974,-0.4219381344371248,-0.863493604964934,2.8561472215914536,-2.434951542784322,0.3801422551081006,1
-1.9213912652192366,-0.7208336200389174,-0.3150867311941086,-3.33191543317893,-1.3778456272225612,2.6764805443972657,0.8721970000729778,0.10240637867417668,-1.951000870117357,-2.557170339440086,0
2.658928789583437,-2.4241231569894013,0.21273977585766032,2.161548499571796,0.753207187056588,-3.0630286937133224,0.25866114785538813,-0.16554532411260592,1.8226267871954265,-1.4930045881860212,1
2.623082618473258,-1.5196752267538562,1.3462257562027482,0.14156229887862637,3.3721057475368257,-3.5836551958710645,0.46654531145012695,1.5831473713746744,-0.6459145509926392,-0.4499531918312708,1
-0.7535971293777561,0.07089046755391593,0.6082461916849685,1.2315654689983115,-1.5268003154730614,-2.5817778352451675,-0.9457460606967811,1.6468456214121248,-1.2380947589250786,-2.670724216361947,0
1.798903442879265,0.9816742601987348,-2.390304367469438,-2.4993280767049963,1.3681587740820675,-0.2780154227008591,-0.5969742867210739,0.753973238800425,-2.3353268186857803,-1.217047213471142,1
3.893661340063821,-0.4593846789030632,-1.479444223139724,-0.9703711266062975,3.4254797880906027,-3.954276661872866,2.303638752104789,2.7523032119243993,-2.6156140897784486,-0.918428711972401,1
-0.7988056137414243,0.5642574789811536,1.0613709648731335,-0.01751809331660059,-1.1283773855944301,-2.509478734790783,1.1008213984226052,3.8913603928718383,-3.731861126521024,-1.661084994064907,0
-1.0501415313145106,1.1066499799403264,0.9567031863856584,-2.5182866717042147,0.07463115336496817,1.3520287768173391,-0.809380821082754,1.8915335328070573,-3.1116569987769727,0.5683973208990307,1
-1.820872810750027,-1.0917940062824847,0.16805980596682024,-0.5789378805833536,-2.213907258569045,4.443568484748864,0.3216785413765001,-2.094560788599075,1.8908661626203038,1.2661550191984503,0
0.26041017422070134,0.507115783953775,0.2668183962954019,0.06087679062354778,1.8984513805124226,-3.219179299519302,0.42154608353656126,3.4986321091094488,-2.87569867525531,0.4577372668107609,1
0.5316325473751484,1.5221710305704144,1.0071333364731596,3.3728388093935733,3.6208011635574726,-6.325003626511573,-0.9733788380270346,1.3587391348257194,0.35185377115981586,0.5264485557263796,1
0.11009671734127435,-3.4176782794204357,-0.4629395120252583,0.2764189509700461,-2.3161406812250243,2.822298973973246,1.090861670603698,-0.8152699487710191,1.886335573477529,0.5284480301428225,0
-0.08696058151039998,-1.7430919653846366,-0.7191094514491859,2.1165750224299327,1.272571088182628,-2.3017251598563115,-0.8239354869719996,-0.7304134797768191,2.251794687470011,-0.5566218251049178,1
2.388579213571838,-2.065286460100264,-2.2168188393540644,0.9428277522301572,0.7187270757988182,-2.673449355748525,1.2795186697601588,0.34245292353920787,0.5753995596556009,-2.1308100878622893,1
-2.7428934177380073,0.9408845513388173,-0.5639474880582432,0.29039622388802344,-0.4294901548622325,0.3493163598783472,1.105900424357309,-0.7249148722471541,0.4024459088065682,-0.3584646336040982,0
2.2520270423588338,-1.8978004244057871,-0.56060763684731,1.2133250656643257,2.1427490818557637,-3.2618817877341346,-0.12765468151819012,0.3954809478620378,0.8573246891202045,-1.0358094303964602,1
2.7597240169311785,1.2080881248691093,0.0798014840587331,-0.7477693456131578,-1.1019441716653997,0.02085649309737647,0.8595848723435562,-1.2560912492371679,-0.20349530805049587,-2.534022383575921,1
-0.03944383239179239,0.7895043170012892,-0.10633700253131496,-0.7674703793055137,-1.8286558740737258,0.8688370201080381,-0.18144906924751675,0.22581705773536864,-1.1265771510647287,-1.2539863036275594,0
-0.8497797712834099,1.2777069403865737,-0.8729610904537004,0.2312451538856638,-1.14299299347326,-2.0203877662703746,-0.21566763754763232,1.9990074515382559,-2.3244883474617497,-2.0643416870185476,0
-1.0782257600729717,1.0872963880376367,1.190548594343596,0.6546431737401739,-2.333442446461892,-0.956120397551663,2.1650560678066024,2.3412402424360366,-2.2192818011215203,-0.8052996149997347,0
-2.218398820372342,-2.444398937179906,0.5904220612514635,-0.6250185821474875,-1.999122722684904,4.844635579989901,0.7313802525749924,-2.589359204892663,2.7201348467334485,1.08293772929553,0
-0.904525062595587,2.463882213600593,-1.8831502080585838,0.6939799482203481,0.5194108413686562,-1.9724862100830216,0.7127120288613313,-0.004301248398481228,-0.5554664029680756,-0.9586651452986374,0
-1.1975768244383695,-1.3270577448086516,-0.9425580057918763,-1.957099670074197,-0.2759473234649181,0.8667280793246978,1.669069525826331,-0.5623119065702813,-0.5079295631269813,-2.979123443384385,0
-0.0005990535062003755,-2.509334992112984,-1.3367254388759306,2.3276443130182045,0.030873290972223244,-1.8366014149249832,0.17528677893392386,-0.9862935388834417,2.6351243873227403,-1.3519209292418894,1
3.220573713785957,-3.0288519843429107,-2.0864776583710847,1.5619458488842048,0.15870732564063084,-2.079999689133224,0.007178466907941942,-1.2489689352869764,2.4263013319896496,-2.550721035515159,1
1.4733589505923899,2.105037392846933,-1.0955193888455623,-2.6904559203137586,-0.18801012925417637,1.7004632120260232,0.30767665340111383,-1.030081016929644,-1.4246998883888518,-1.345621230948968,1
0.12872656025933016,-2.1292764857291706,0.8890371222798921,-0.665218219653249,-0.01399451081805192,-0.6428774336043139,2.2724347204468818,1.5192534599186343,-1.0888099354627438,-1.3188670603989292,1
-3.354630373147876,-2.2169180362380505,1.3522026788671444,-2.2455531854308135,-0.5195864359080418,4.0673851636517835,-0.524567013767051,-2.606142065260344,1.6342597846992637,-1.0825007988409268,0
1.1258566125809701,-3.445415493873777,-0.81240234893742,2.1780356533061793,0.002799136972855165,-1.5422885539440738,0.678946987762233,-1.079851446326038,2.9337627702532196,-1.3191218924395647,1
0.22338371999971174,0.6980622563531609,1.6291663649009451,-0.8793055490541792,-0.4221468613347983,-1.8606099946128605,-0.965664803523208,3.9516654303123127,-4.108369264658204,-0.7849413100120679,1
-2.27810470874077,-2.786159712915568,-0.1962806513879368,-0.8225420634036018,-0.8072902951834663,3.994713112543155,-1.5327005598899308,-2.8128819162385392,2.891117942885726,0.3821102081117478,0
-0.4489643457974454,3.062471657673083,-0.09884520123930605,1.5066743130771387,-2.675321533045457,-1.6627828330938434,0.19548173155329082,0.29109790723792406,-0.9702045255658123,-2.227401832663763,0
-2.7227516946192774,-3.884153142483912,-0.24066517453021302,-1.6186850444616818,-1.9565749749910042,5.795360945982915,0.25719897035592737,-2.510672193315528,2.5858651471773038,0.7085460782821862,0
-0.46006002620039654,-0.468707092684554,0.8936976893891109,2.0872583755619862,-1.5557052312680826,-2.8500354045218415,-1.1967886464263116,2.1947826055722413,-0.9208522489492007,-1.497214750333982,0
0.460726565248488,-1.7788806884176802,-0.6769951384585313,2.7678604222170056,-1.052033698225771,-4.065743363876247,-0.952316380738797,3.5718688121487596,-1.1885281896564268,-0.9043536585648004,0
-0.27741355225928666,-1.2577648541485105,-1.222895019555564,0.18569640484544536,-0.6434759491727915,-1.1880297547702898,1.9203675021442612,1.570408249669153,-1.0318322194134484,-1.3869096517905373,1
0.7595207479142725,0.9618256540283512,-1.2790307362197864,-0.2775070303286815,-1.5925501477429718,-0.45372835618463453,-0.27999330187447974,1.417858020107369,-1.9046545353014723,-1.0991514700333094,1
-0.40088526539189306,1.0964504505257593,0.07227896538428889,-0.12612616165424106,-0.11758586189542242,-1.2403509570369486,-0.13216935564437185,2.2174431508611465,-2.2671897560028675,0.05357036593477682,1
1.6559467707885944,-1.235428872751803,-0.7908993816675531,2.8261699031772403,0.9423913854673909,-3.479028417317509,0.7821300015314592,-1.04574584831808,2.5085622979527202,-1.6001563718937466,1
-1.8545347017632836,-2.693992085641578,0.4875602970867186,-3.552715935537996,0.11497169691424247,4.5037688571904475,-1.1761733365547806,0.1481631554392051,-0.8263838378914231,1.1397180393237436,0
-0.0649590170988491,1.2413733943257927,0.15805348992013185,2.1694624628452646,-0.26531136521189624,-3.0486950400232704,-0.3899237065594453,-0.0525525837789973,0.4638593814336351,-1.7313363114927482,0
1.2504968969553154,-2.2279717334361155,0.7760279138434754,4.206641005277151,1.4015483019776163,-5.672685228067157,-1.317131919946585,0.4644941429954761,2.3034459728395666,-1.645213973589388,0
0.8100366363132507,0.4659690296690926,-0.8852486861242225,0.9308619046202586,-0.8791521339254043,-1.2375383839573086,0.31635832153614474,-0.706605698071656,0.5534163443555206,-1.9869996627249318,0
-1.8012911083796794,-0.3839580906683824,-0.712220763649051,2.2777729000092766,-2.6601034865302253,0.37033110603201574,-0.8810683366612923,1.0849052696622639,0.46518598448393933,1.5553608400376389,0
0.23011421009788202,1.9222126806694444,-1.890010171182943,-0.6922941842225587,-1.8388071311341188,0.12255125869824982,-0.24269874782528175,1.2616551776003408,-2.2881114702061764,-0.954729545841014,1
-1.0574836762431925,-0.8669038035968512,0.45780560992578473,2.5720153256471114,-0.031350730736285914,-2.6482395831621646,-0.12373268009975662,0.6392612260309184,0.9971997609766624,-0.486548421629052,1
0.3205298621823355,-1.344672878764597,-0.41521376790527154,0.1372190019966374,-1.4021593626712732,-1.1213540557173405,-1.3495762115515322,1.9589366155557983,-1.4562539740339124,-1.7393257074142405,1
-1.5681465651705373,-0.4179865352962365,-1.3480471119401671,-2.5979600854169957,0.11598857314850575,2.4403271368374897,-0.37058276240078286,-0.2727723268270591,-0.9723452199043943,-0.3926514312648802,0
-1.00861208141331,2.0354189699671794,2.3200407220172594,-0.06408266700334364,-0.6362881278513983,-1.6618893864737274,1.1218578562304709,1.4978183793903856,-2.206389237878264,-1.5921303193265253,0
-2.2446400990352062,4.432868396084308,-1.5457297866907331,-0.25670052200715854,-0.9146122182972376,1.0571171114182032,0.9137716213855857,-1.137417431771787,-0.6185885195290403,0.36828351734835185,0
-0.5887340986150067,2.248962424852662,-1.611567359102828,0.013947382393306729,-2.356417570357012,0.8053604252093729,-0.3464265060068996,0.3786509301786498,-1.2216428133580866,-0.2508563802090028,1
2.346498919749618,1.4411938747122581,-0.6328802748847919,0.07816819298371303,-1.1538615760220676,-0.9180344268276011,-0.9916966634403105,0.06285773447405174,-0.8341681050319615,-1.6656140374684751,1
-2.9747762461151823,2.9212288757128304,-2.025807873111377,-0.38632790405977824,-2.4070725080208324,2.199329924001683,-0.41790954576589057,-0.23814514591900693,-0.9799437710187352,0.583336275442123,0
-0.7328757655938782,0.9057444910028882,1.8296202017160872,0.6369880958726091,-3.186604215858636,-1.9046286208543006,0.8929538701087693,3.4466070711434744,-3.3576064005719224,-2.2816329767730146,0
-1.1661338129276015,2.210818769983987,-1.0240285908863795,1.3380341650438066,-1.8276966555868368,-1.477346966458487,-1.6826586941226858,-0.23658422875405738,-0.2627057361874052,-2.1608045142706205,0
-0.9258057356818594,-1.1251464877522668,1.057368305378225,0.09574473307437859,-0.7570402108110892,2.0844369873414275,1.218194711754256,-1.848638453047519,1.9870915311914215,0.40132719107246007,0
-0.7532115023167061,1.1994036372669221,-0.8028244439508423,0.5243928126578667,-0.37864309510497873,-2.2872230689969526,-1.5769964821909972,1.4714983494451137,-1.6187745620390024,-1.7307001090151297,0
-1.0224750082082859,1.905852207661285,1.4891131083282896,0.8092639473059345,-1.4400528300873472,-1.1370553925705695,0.5055892418358746,1.351118471368964,-1.4948772256377667,-0.5271751333496262,0
1.681543799234534,0.8946897583914923,0.29724427338012405,-2.113643213162939,-0.2518521578293962,0.3782161574005666,0.18932830729237413,0.8029973714802308,-2.2710645645218994,-1.3781850112845273,1
-0.040935372816498394,-1.207512732495087,-0.7893385057196743,-0.7436281088551419,-2.4525383896540154,3.5040075594828255,-0.4519493719118777,0.1688137097312472,-0.023445217566730805,1.659662159536846,0
-2.2922753705429035,-0.7763967893663677,0.3131321400131553,0.8673737164792115,-1.2266791470619158,-0.8103620236917745,1.3764964500195378,1.74917958389023,-0.8674086759209133,-0.46048308365562673,1
1.3762885732503396,1.633514049338113,-1.1022697404558555,-0.11307863784381211,-3.689904179268738,0.8327500424415845,-0.39719531614598763,0.19584494939588837,-1.274017351788856,-1.8839410485711907,1
-0.26725089577738825,-1.712216009603503,-0.15171443357722914,-1.2853667070754837,-1.9304249463386647,1.5489804578533544,1.2753907379990148,0.0036287888779973354,-0.5034358405140039,-2.1310948739346265,0
0.9055216133582926,-3.5241796210071925,-0.3409078773460798,4.809211672823688,-0.17460536104510982,-4.106611683293119,-0.5193963718261266,2.323709002313403,1.8234945607462651,1.3018478596892633,0
-1.4224142219172538,-0.35480986571929407,-2.132595626154836,-0.8913490920744284,0.006930947210196825,-0.00010679535237351658,0.2810092502818063,-1.6897506032769296,0.6225184375593182,-3.292185368968094,0
0.47894966741285516,1.5759730425887026,-1.889649292096153,-0.6085512489917118,0.27562304861536147,-0.8103124014548679,0.3111099911431952,0.6709339426277898,-1.4716999310588126,-0.6456013120890278,1
-4.998312502247537,-1.1365442962966015,-0.7597031174802871,-2.8281511015537477,0.5614757477910137,5.007049565428099,-0.782003492511037,-4.018888773119433,2.3355698409106047,-0.4763512414331702,0
-2.675731654480645,0.8782108431772673,0.4936548476431509,-3.3949931704336413,0.08599056537832528,2.5066245121308817,-0.524662407066803,-0.8249119846725518,-1.528211379430229,-1.7730173723730767,0
-1.8377038626921585,1.0599388767091174,-0.9645377949101913,0.21009027470495845,-0.30267890400835074,-0.761169024678462,-0.2798103423770061,0.5897774681062976,-0.8273671331671508,-0.6976487565670453,0
-1.413444463933091,-1.799435996642531,1.1918993344135729,-3.2212913466062303,-3.0189697952159036,5.03097953163729,-0.7393714074590363,0.8037145027225245,-1.8557566156142333,0.027463415311684614,0
0.9262638153896371,1.207353689240644,0.570507208354516,0.00502655322837775,-4.722247458626953,1.450548445294421,2.184096733380456,0.8923135051547698,-1.6412733433119322,-1.4173305704659234,1
-0.8274721822259016,-0.541370930233034,0.1755362295785979,-0.6634094956080049,-1.0401382585506902,1.4706133121731502,0.30170000890173554,-1.0091642625100627,0.4883116882239552,-1.0185421736403741,0
2.54539933919164,1.5785762129644647,0.1825010305992134,-0.6569934739550365,-2.8619028672569637,-1.6606673276364239,-0.04489303012253698,3.0902139897451315,-4.056468665940795,-2.9066844439607937,0
0.974520058121614,-1.2074504635615073,-0.14702542343084998,0.04824284546259405,0.13138105978098613,-1.794168505573425,-0.5501152829365389,1.6856387280145562,-1.1820648417866062,-1.358372995331781,1
-1.599790486237628,-0.2531447349727679,-0.01109200394860206,-0.9435786248744608,-0.9225319317235823,2.170134963540076,0.32208231076698546,-1.708247229761076,0.8746987355025804,-0.8626947370222012,0
-0.678725808036825,0.029935851249327627,2.046862195719558,2.2624035608940662,-1.9808831315347706,-1.2969165767797517,-0.22247489677826537,1.6032419520907304,-0.25350912459058034,0.402387146695959,0
-2.7967832123949705,0.7513593967865666,0.32910677871012955,-1.2534567854197527,-2.120337418985214,4.365514792567835,-0.5859276733177553,-2.308556009098695,1.0279335341467206,0.5000329616175232,0
-1.36328880568882,1.3413169498901423,-0.9878733409007492,0.017370032325047302,0.3688733614115194,-1.3560644744595718,0.2837510236615011,0.429576647635334,-0.9199700044882843,-1.1745481521996548,0
1.417477962303371,0.15887386084558663,-1.385987942398998,2.9114513029324147,0.25190539615435337,-5.772113687625689,1.9725421767898081,1.575702354249887,-0.34440615857214774,-3.078836186079162,0
-0.8431770057375357,-0.8656130722745299,-0.08606969279089306,-1.4767861436202843,-1.7264404100962487,2.4853948607455414,-2.0755880090785332,-0.26141949804232867,-0.4358323026677999,-0.7208326094851039,0
-0.9901655294088787,0.8018558125321735,-1.342127748485115,2.335498936743431,-1.2823801333478098,-0.6021355730415243,1.3995946451457935,-0.7394952084985777,1.5271667220740237,0.41325809238123945,0
-1.2172701197256006,-1.1930334440309196,1.0819848092499422,4.335921256503723,0.35076485135952784,-3.2345053110050457,-0.7798529462216388,-1.0115298626461007,3.4467221186171084,-0.13545571778498866,1
-0.9836687513974902,-1.2934130872574459,-0.8369207037962799,1.4174538080519197,0.6050066284028561,-0.4557434205399588,-0.9163209190734197,-3.4887728009916463,3.8237354771434067,-1.925472260726343,0
-1.2919760976025654,1.5962745379840957,-0.5892716517893062,-0.26309822595157484,0.3292644355061132,-1.3694095692696544,-0.002403840918853844,1.1887898265790153,-1.7326392339323808,-0.8327643312962093,0
2.4872785922009015,0.2405524436574038,1.638359732270941,-1.7759120388103835,-0.8775270032838125,0.6558422057885809,0.6188862980231536,0.055700395964128235,-1.3862106450484484,-1.9010876199121787,1
0.7211583263805681,-1.1250929507696785,0.12617790366196718,3.077163983348964,-1.3759099148232912,-3.7595990550458223,0.6820694900626313,3.249251405187714,-0.9218856175252481,-0.3379689491910285,0
0.4154061646684174,-0.7982115435085496,0.000682818957482628,0.5993965325464338,-0.6424224818846431,-1.7564160490548555,2.049812095785926,1.5156812332415246,-0.9518393855621243,-1.4702564367456379,1
0.5265791554910773,1.6051095542806375,1.4205042872710631,-3.0321896167724973,-1.8268397407537702,3.306682221754935,-1.0986204251778122,-0.262464978492031,-2.056517775330916,-0.6612256777726887,1
5.716417894949396,-0.3094571930641613,1.5886269280435958,0.6252709697798283,3.810652882608143,-5.229036853071674,0.14098269961206,1.0034361497394528,-0.4894281179269435,-1.490878015265162,1
1.1838060908221568,-0.485869556765987,0.4281862478105761,-3.2219256057886194,2.0991520669858157,-0.2931595476921731,0.5376299029498797,2.5830158032557886,-3.565057216471224,-0.386206672727037,1
2.478526525005447,-0.37069021803092883,2.067906338163552,-2.0118150458070923,1.4921870335866625,-2.0969737528893684,-0.19793772898468187,3.5962696584265355,-3.978895510282463,-0.9907928846965023,1
-1.735118395448884,0.4975391477400384,-0.03901951937754412,1.5051186028276988,-1.4329710964172304,-0.11640947531644733,0.7793490039053323,0.1322659079096946,0.4826988106544887,0.39980014807080844,0
-1.382230420653429,-0.05586035293072156,-0.5282970466629792,-2.571967375568772,-1.0079538961379921,2.1593843294695723,-0.20252422706483003,-0.012211785802266006,-1.547866161552004,-1.6538191033279905,0
-1.6470886818822614,3.0409632406348757,0.7211353625455816,0.177188601864249,-3.189018517798037,-0.49885593508247505,0.8814075289235711,0.15652944279905612,-1.676151750536389,-3.206484258224959,0
-1.8656049527903869,0.26580815069469765,1.4526167454861794,-1.90749640089003,0.45034934168275065,1.691712221202772,1.0651719657143865,-1.1753745095511008,-0.1479696131655424,-0.9071185734041181,0
-3.9480401507101908,0.8441923079211238,0.14506374595938162,-2.4737616404844984,-1.4970212791003572,3.5507001037191763,-2.018487864388638,-2.8817105797377156,0.4573732370086993,-2.663752796424819,0
1.3556010681587707,-1.9860928985733097,1.3305749040390402,2.7822347409462944,0.3077256463040128,-5.658314532879423,-0.7801991291174627,3.2451052674656213,-0.9580557710579705,-2.193704125647046,0
-0.188505368961694,-0.3656310186142939,-0.4159669279473586,1.427455593690228,-0.26778001525724304,-3.3107028320452585,-0.09662367001488972,2.7968821636008157,-1.6646188260558357,-1.1362138163370896,0
3.128220903067058,1.3810769401818344,-0.7788370428204348,0.5636744414440014,-2.9291520360029404,-0.8465466046183864,-1.500221861446936,-0.2856668859459395,-0.5897581639243467,-3.005810259162165,1
0.3641221632885927,-0.2942159337886552,0.4559041951707027,1.7344119555876965,-0.23552841354028276,-3.116229433077022,-0.6065033882157397,3.1515478547465983,-1.6521610750782658,0.13368267424474367,0
-3.738942248360771,0.2605321808737384,0.47154238041820573,-0.5902953071801953,0.6830695846465586,1.681974780827039,-1.7710685530880912,-4.631906844576881,3.231275065903941,-2.356007832642184,0
-2.515840875098836,-0.00952859339233414,-0.4124138182164804,1.6687738459119221,2.873131975722055,-1.709817873403152,0.5861658003927833,-5.599300676342743,5.296291807560938,-2.9379023173033003,0
1.8539581582266007,1.1052970858630986,0.37976763604089603,0.15611704390309988,-2.1360544575287643,-1.1849493591282794,1.2376537575119981,1.4806091077107206,-1.9562273061166475,-1.9454134347543706,0
0.645800056289481,2.1460559373120307,0.664927162301741,0.8383766107226975,3.1391850681555726,-4.900213052344782,1.5301951988633513,3.9583821552856113,-3.2194458331423204,1.2972551137832307,1
1.6855164306664714,0.34946787157411774,-0.6382827265284942,1.4202650620441157,2.8734667305780053,-4.627912118865343,-0.8319549174944512,1.1629188346745496,-0.33031864895602886,-0.7637192366189711,1
1.241167925176962,-1.014217969836047,2.052972024501663,-1.1060134849666188,0.21197887798039516,-1.3006382596057757,-2.929448690002268,2.415750762659261,-2.434844528235397,-1.349023049524732,1
1.1607583606957543,-0.7432380574422406,-0.7567639770159263,3.6946445324220245,0.8859183443661369,-4.499769086080673,0.23278674294016363,-0.0495296665213707,2.0389968517401837,-1.0396407833162549,1
-1.7386526783527982,-0.26792698610459187,0.03003147916408217,0.21117172336995726,-0.08506898822215192,-1.1774470556848282,-0.8617030702562581,0.4725790812492364,-0.4202734964741372,-1.6866697064599494,0
1.5679114157435128,0.493839567580296,-2.00745686074501,-2.364682333709501,1.5722775870164738,-0.8921616243228269,-0.3631166611555665,1.70845412976175,-2.86939415834328,-1.1077423558634711,1
-0.9046547865317885,2.303916993054662,1.6284685547723217,0.5921676506045488,-1.2261632275059293,-1.1592882537603422,-0.9647054257507148,1.1914728846066212,-1.6080687274842027,-0.6366210814766919,0
0.8779670208140135,0.05125784713887627,-0.3202978045366419,-3.426394331386751,2.6308028761333637,0.4744524620573382,-2.077811819856197,0.8166993933087343,-2.338176450386945,-0.38367541561547314,1
-1.9266080014233968,1.1584748469418626,-1.0398065310268843,-0.1980704007913091,-2.2647483807670463,0.8460139351122162,-0.4547947173776929,2.6117332701654594,-2.609347895475127,1.0878812067932513,1
-1.5963754902894298,1.0557427262279422,1.3032780373160637,0.20084848110588838,-0.24464521064898448,1.1449522743930363,0.18106274277108234,-2.6493215930111713,1.8891125512221107,-0.5457229950880181,0
0.8792518413163961,0.8030379963864419,0.42544486418417227,2.7737885671639906,-0.06831219033183034,-4.121998310349185,0.18517553682991406,0.19419825770822907,0.6502279057123336,-2.121098741361987,0
-0.7271671138453433,3.3354534594362657,-1.6873443471107104,-0.2106581117897528,0.6380687696339364,-1.9628198087415583,-1.153332403205745,0.5854518646147442,-1.829357581114817,-1.248032427088812,0
-1.21906500999861,-1.4141531630356114,-0.19539035117702397,-1.9960095174252408,0.2959533265982224,1.099559664749538,-0.7239903317426091,-0.6280952695374787,-0.28529169252544584,-2.117421791498532,0
-1.9238585276110982,-1.4468636250646845,-1.9685042134380537,-1.2528547496147608,0.5153082577998398,1.1623296860971966,0.03471374875256186,-2.1102251440857387,1.3432980415081148,-2.2263695888386916,0
2.0234662395784926,2.5016525249025037,-0.8342818100346248,0.3800807264483279,-5.327645471531061,1.2063561789853123,0.5152943216244674,-1.0283699840545157,-0.5755269560820827,-3.0991268274190023,1
-1.2672081702883904,0.901120303523315,0.13106518621584873,0.2825122888792938,-0.9910849702368337,-1.222275657964097,0.4004813865063287,2.0636773995745923,-2.0104932174803483,-0.6620225730194538,0
0.9594326681718903,1.0059087851689172,-0.43112556957509907,1.2613858549603743,2.4988329430451666,-4.522991740461261,0.7828737349485725,2.508499808540021,-1.6329762139377464,0.12087023146494791,1
-3.1036013469158843,0.8095452717185705,0.07287409801551539,-2.7267081283118335,-0.45540670889788126,2.4082753553560616,-0.06468860503251848,-1.8615094681114392,-0.45513261329099486,-2.637699174608426,0
4.507530870423391,-0.22400366765230384,-1.2992163634458243,2.504628482265443,2.858893231003335,-5.878936227464371,-0.1131280525157404,-0.16211058121676492,1.2680635194233667,-2.1510582830503897,1
-2.8603332658642207,-0.3606167419717541,0.47543068252662346,-1.299510530787816,-1.5737104659684338,0.6572839360629575,0.43477006455689116,3.8173193405688983,-3.715223758657598,0.3658624852190622,1
0.8157960950303699,-1.9517901533904087,1.1464408704007276,1.0497825957331481,0.3212567071904777,-1.8317549369469592,1.259233239786799,0.15782659560913204,0.8404248708526892,-1.470038901725416,1
0.8191102722164059,1.338543971422705,-0.9181269834165748,0.5548147488485373,2.2955615191527636,-4.136128411992992,-0.695694877197064,2.8749279621249317,-2.443331981345609,-0.07442216331661755,1
2.1126956168407545,-1.0587628458510407,-1.5975991695954321,3.6339385461032765,1.5318216979319494,-4.621222062037071,-0.9245641143780999,-0.9781148491968314,2.85625913295359,-1.4182530461654808,1
0.07588569961917147,-1.9742113038001778,0.8201581867554845,1.3287656488594997,-1.7159135255115587,0.6153036050697357,-1.1430193120737286,-1.840044803354759,2.5591244855734305,-1.350451981623609,0
-1.8568487886417047,-1.718024696894469,-0.3975577654917214,-2.5279819834373227,-0.7978010714706048,3.2000871163584854,-0.9701242603796436,-0.7223993701056908,-0.26804882750912123,-0.9879349646393574,0
-0.34756924406079626,-2.079901475874632,-0.3256110521485036,-1.9048623679703989,-1.3207503753563685,2.221982819020513,0.007880184694728152,0.48928513091396675,-0.8906897245897322,-0.946332273230734,0
0.30690356836076693,-1.9783628692501645,-2.1056469418403245,2.0912565942541024,-1.6046014408906948,-1.4117651711121957,0.9778155496862003,-0.5646655021573803,1.7674335705765674,-2.1766431483267397,1
-1.0286953026169452,-0.7195968155628023,-0.5791241096357465,-1.9910673031468082,1.4324109191417236,-0.009367731932580533,-0.07906734186455629,3.193627921121647,-3.149666244861758,1.2248529492120395,1
1.9198959158875413,-2.5807711911833966,0.37006111526895535,0.5003009525403206,-0.4759960680127806,-1.1108826220683208,-0.33912227927003874,-0.10455198699531176,0.8151639157860283,-2.2370900426313254,1
0.7894333491551927,-0.5676651754192032,1.3119837385739466,2.7898039562164967,1.2504583461960956,-3.618962535351975,-0.29748220087385013,-0.380245481259724,1.8547678244772774,-0.8454281921888145,1
-2.406975226506329,-0.9126070076114308,-0.3220281544920584,-1.8277073693215689,-2.0851900116743227,4.438623799413985,1.6147787907098514,-1.6846362512360478,0.6799402859723902,-0.0953197309256445,0
2.7562653781959683,-2.8297401512174867,0.7105491022977853,1.4892245832350066,-2.5919752453816036,0.18233717537588137,1.3934545275244314,1.1875629518708744,0.5441503359766993,0.2814271371715251,0
-1.0615825803017978,-0.7407473746820921,1.1945922205137307,0.19715248010555297,-0.09420248964247224,-1.2625179594155744,-2.1899217049785533,1.6599030212946049,-1.1381932294822101,-0.7685696241738608,1
2.149612764554152,1.4904826275515313,1.8904406851557827,-1.6063341274109328,-0.4097774973607219,-0.17859426416735727,-0.7316317389085281,-0.12304668212070324,-1.5902012610898375,-2.3009763840907707,1
1.6894533117275279,-3.341580626034959,-1.2845842656999693,0.6163061002042565,-0.3707997407690762,-0.5084573650370137,-0.7170161491279362,-1.2794498617404826,2.09331645705777,-2.381348304828874,1
-0.8491796982702771,-2.1285154169317555,0.8232799156777053,1.5060661523378922,-2.4451823268239825,3.2749376160062362,-0.8130143722601298,-2.826433244190116,3.8722656503769457,1.2938452925851114,0
-3.0615676369731006,2.962415982031983,0.44947391283230687,-0.863822004501799,-2.181957080132239,2.4792165397270187,-1.1818741254208012,0.0056644620836245885,-1.3892075530440624,0.8179811183138987,0
-0.9220352028030463,-0.48526100579656284,0.8394685045184047,-1.9338479382278189,2.1307937842606375,-0.6105494468872709,0.5333592447054494,-0.5354746626177034,-0.5634062440045797,-2.3267736489168325,0
-0.15689678418802888,-3.020449850015508,1.9351540400602292,0.7770805554086931,-1.562867741165853,0.04664638922094239,0.5114995753618614,-0.042749799445139125,1.1027533873935655,-1.62754733806104,1
2.7008198444749048,-2.8912419200149007,1.466540859278603,0.6701000159466953,1.0579293930294402,-2.0680970447163065,0.6870657958589163,-0.8120255008723882,1.637915864194402,-2.482227972439672,1
1.0078445648923475,0.3594687450342644,-0.8320613048498566,2.6263767236309636,2.051619749007952,-4.64685853160247,1.991553302204734,0.6785233889177917,0.6752617883112739,-0.5171672161053987,1
-1.5867426715936144,0.7747408730798424,-0.6176416769336966,1.7819925386742503,0.5039440777022937,-0.36467582067284954,2.2816518365388427,-1.4493129794337216,2.073543086624641,1.1755598860852845,0
3.444919358099949,-4.32993184911934,-1.1140464501619933,3.4972180232704915,1.617046569854515,-2.9927410234826204,-0.8110008636288448,-4.177698233622121,6.32751970527456,-2.761493047853627,1
-1.2763695810709528,1.1767768584683893,1.78179890877106,1.5931506350762192,-1.6004888154252805,-0.299319211363256,0.7356219972457467,0.6444159306733834,-0.07649642332524806,0.8497666674308608,0
2.529743515761644,-1.588132680818588,0.7441857103150346,-1.8765098310131787,2.3464411490538732,-2.2149579008704885,-0.23596998721097162,3.233174896650801,-3.125904993628256,-0.7919834058988221,1
0.7408122698546689,-2.0339921864802344,0.8496119885162131,1.1228330183986905,-0.02960037857342901,-1.1933077979076463,0.14304876987895235,-1.2276370589460288,1.953789554735576,-2.0595044374588047,0
-1.701342694176077,0.7939913499496922,-2.5322460852196853,0.7270640757817468,-1.4281157682159082,-1.2982090242311157,0.4359753895000459,0.28420220143924646,-0.5411577456536937,-2.4200498578060845,0
-0.08043915729513218,3.5985192673180837,0.5483196275544987,-2.1161643375122603,-0.06252998612905758,1.8142707545939576,-0.08743532877718108,-1.588964821034803,-1.0090712106294595,-0.4840983727165237,1
1.8846499403432184,0.08294536538009556,-1.3717431292635056,1.6786950367045872,-2.735411489873695,-1.4939779242655575,0.9788895585567792,-0.01568644544162001,0.2609735634026928,-2.6412609618493854,0
1.5911138653782366,-0.466856836020237,0.12307820165618115,0.3192917422802095,1.4628656695722828,-2.9858693275217223,0.6405429350747734,1.7665402117421523,-1.2336966679153825,-0.9857834191289707,1
-4.58980358874099,-1.6260711906485876,-0.15129922023252232,0.633599651092889,0.9113841192689132,3.2496328038548223,-0.36550593698526584,-6.804502866291328,6.5621465221484065,-0.6058747564302243,0
-1.0904765642791614,0.7417330891669567,-0.37630072492499606,2.7801739134253145,0.5973126669587385,-3.599157636797429,1.088769654216672,1.314474265673193,0.1365023890737449,0.14719358193818888,1
-0.6011357083419129,1.8499556590876751,0.5740712208940013,1.0523199650126682,-1.495377611458833,-2.0208354625709477,1.5898389781806839,0.8224592327394831,-1.1519072536313901,-2.1176435827060818,0
0.08940228644352244,0.3023663187819291,0.18947982122108065,1.1531057207185935,-0.021275778948344426,-3.715635317389169,-1.2804555710024668,1.5713206874846875,-1.2331934499660637,-2.8047108742699844,0
1.101370458054894,1.8415615886487249,-0.6888855425754056,-0.34491832176501225,-2.882388016682058,0.5787706553365543,-0.02230028371805305,0.2279746916603974,-1.4070721383657245,-1.694919342481294,1
-1.5560980525804569,1.3315074522155768,0.6333268260712385,-0.2879771643940704,-3.084471883759187,1.7783658696977123,-0.48827384245154465,1.6146310593827349,-1.9833226986141002,0.7601637685692177,1
-2.446171557095763,3.837546753549764,1.7963608229269636,-0.38946224421641973,-0.36472647232525257,0.5422289938098798,0.5027844268951942,-2.090260331201836,0.11463222038681864,-1.2048571816928273,0
0.1278469705020685,0.2326782137684943,0.8021284586181193,-4.037057708846472,1.9875295144955527,1.6104348356025429,1.5985381120963413,1.359017961619413,-3.0873546940230976,0.29900030589581417,1
0.7471772785155564,0.6048791966157914,0.5362909095171899,-0.28510132579807335,0.2644643523930792,-1.9054349467008158,-0.06407776414871663,0.21472818479171418,-0.9060039079763255,-2.691369338827198,0
0.8021739050025727,0.3182333018704929,-0.2880388739220764,2.967137581334585,-0.9472994103569671,-4.435470176620554,-0.6277339060845056,-0.24866718896259887,0.9659970501122691,-3.9255549099247102,0
-0.5795531846865161,0.4445069145527635,0.1480894197982762,1.4565970099440078,-1.2312936584077507,-2.0110565276480883,0.3676198402097109,1.1971830909787977,-0.6671760213237917,-1.3415542211798108,0
1.4096813264441623,1.0930020145907415,0.36064789143579495,0.03496707926311071,-6.149300410729308,2.183884838501767,1.643378155804534,0.7849311324650783,-1.6472482099938577,-1.8044322147238212,1
-2.235898974514812,0.9547166005854132,0.41644603810145264,1.3802151935444669,-1.8289434673501483,1.4859305808883412,-0.36146276669398575,-0.2219297320700766,0.7958897171986885,2.12825334523314,0
1.9404918205931678,-0.5797232716635511,-0.035825578706462934,1.2688149059147218,1.5205191212167297,-3.699842392469339,-1.1115802495135512,1.1434034055682754,-0.2387584158512514,-1.2578144993432077,1
-0.8740241824682937,0.15222677304846655,-2.3161438629688766,-2.494152633164026,1.2609121099291873,-0.875746743692903,-1.1996975283653082,0.09774408336449225,-1.8383822466280832,-3.7204450799596662,0
-3.413173041683977,-2.866497440563297,-0.12205713212127726,-4.655018269108812,0.5704462198234941,4.833754234139145,0.7931756882186773,-0.7804830520006464,-0.7620452639271987,-0.6677574255772872,0
0.3434924002866244,1.593990190990362,-0.13006029355362003,-1.9386629592471585,-2.784729145494394,1.2154408160446948,-0.5561187467607805,1.807543346038703,-3.417701188023126,-1.6209184704185333,0
-0.20295461385634783,0.37905313834969834,0.08669769941439658,0.004666041485513972,-5.075641441889073,2.0026623418823477,0.347561613803552,1.8832880695572998,-2.060241705328427,-0.46853881152940513,1
1.5742110232843172,0.3390800495848094,-0.6113852473886282,-0.7294572979611667,-2.083628662760122,0.5520812460013369,-0.5806483025539511,1.0000778096450897,-1.6227142848468263,-1.1166968772852994,1
-1.9334961715187506,0.9477177779126338,-2.4878086565350794,-0.5703779500377932,-2.021104201182675,-1.0468576321946956,1.4185313451480366,2.5082704770957402,-3.137462837992043,-2.459525594075094,0
-1.9096451961768957,1.1046350167955254,-1.433151814524712,-2.765114170455023,-1.394863509671802,2.0059664789461165,-0.14994071907910936,-0.2852367424537803,-1.9503107220411906,-2.575301114495442,0
-0.8175639456904518,-1.9963364569294604,1.0235306441853447,0.26173583502078224,-1.9629058574443818,-0.17900362655033494,0.1566937282465246,1.4766207946049326,-0.7625800141862598,-1.532274669109153,1
0.2848285663222756,-0.4952815664648065,-0.6946003691631446,1.6472201264002293,0.11369449192823855,-3.9021472292875594,-0.45909031021899177,2.7816569318716384,-1.5098779437280574,-1.3280632106670862,0
-2.9142936352407567,1.5711239891980284,0.19157739619408962,1.6092209583558237,-3.8799020754902314,0.3323494794627645,0.3556689485632294,3.181377711218506,-2.315397011097142,1.6053341375653982,1
-1.670707247481392,0.19401040506361844,1.3863493972628433,1.1897251562052968,-0.6469995950666034,-1.869374255449624,1.1535903433169254,1.847847793821968,-1.0930555110482738,-0.5317647731573101,1
1.4137853881722382,-1.4091177047567354,-0.8505352787470439,-1.6059394304007064,-2.1523362645822806,0.8844196615676209,0.6030946849488336,2.256636912384255,-2.5728347752111214,-1.381858669755051,0
1.9295598911479073,0.3999849845241078,-0.6298845523638104,-3.4438589850662003,0.9491181770523096,1.741205111564244,-2.704391631602775,-0.044693931827419764,-1.9062397129934407,-0.6951105725807436,1
-0.4902575314646045,1.6413913627348689,0.3616610612470166,3.049370715456171,-2.169608722834375,-1.3736963717436133,0.5320061988219431,-0.5688703406858646,1.3129671388018,-0.23882009172051089,0
0.5734802121566496,-0.4449805466090876,0.15776143929376948,2.1016360479430105,-0.4536455470957488,-1.8378068560594114,-1.3902219251534627,-2.0771893910558967,2.5526368748584707,-2.4334834625375144,0
-0.5032568239042814,0.6055564684374539,0.7719201548366751,1.6237048153764886,-1.225815606611932,-2.113622985676023,-0.17280173739646437,1.796889719652245,-1.0326677251641498,-0.6206419651801242,0
-1.210663826924576,2.7060889721882786,1.0587285298838789,0.1738094413470035,-3.9677902107831136,-0.7113171915896582,-1.6685992588781953,2.773580706950331,-3.62342074419615,-1.9803706562109706,0
-0.874428753175678,0.750104898812935,-0.13699548944245826,2.5233798559149716,-2.309915262917023,-0.6760437351835691,0.6789312900592783,0.1650567140618271,0.8045262488251324,0.28864213523771354,0
-0.3141721439412154,-1.2081430505375983,0.5540577711159071,2.099736476958891,0.6126113100799528,-2.7957084683952864,0.07959786237603639,0.6128262475177995,0.8890955084311314,-0.7097148253397336,0
-1.3617668486825174,1.315200077069537,1.2718924219386565,1.5744248833619392,-2.8274626627820156,-0.3114425433003356,1.0703651602299298,1.5647423832824092,-1.043393894643189,0.34409247606195503,1
2.2077028257398688,-0.9472588231682999,-0.6981996746110497,-1.8041345821543904,0.9484610495208683,-0.9391640319405198,0.6336610247740587,1.9866506012361973,-2.3960643740348577,-1.165866926705112,1
-1.6006728484280046,-0.6028202235270832,2.212531039397242,1.744293483714205,-1.375744956603154,-1.3019485514929117,0.16048962397348007,0.7244363299273822,0.28597563965412237,-0.9204067757615874,1
-1.3288594211819134,0.5294428337540995,-0.06100397185538355,2.158065542556341,1.5878468177547331,-3.462935207186438,0.32297450361766816,1.6451459736919696,-0.23325343900873122,0.7487509747278571,1
2.965141619247964,-0.17326320624424585,0.18641616974404632,-1.1928567983683938,-0.8238218963243853,-0.4291234075899893,1.1168337755299542,0.49706228439712286,-1.3975537410693162,-2.3959296384937714,1
-2.0371940404886595,-1.5453573014463269,-0.15024298879825998,-2.265778371346297,-1.6524338498604383,4.446632510196433,0.0731969910016945,-0.9251944672851354,0.1164986789146197,0.32397420950564126,0
-2.3777485784825276,-0.9046476740780793,1.00163182520856,-0.6271198002848857,-0.2515042105018451,2.755991435537794,-0.39305275706140097,-2.8832181963069883,2.379291744688635,-0.17837369714743212,0
-1.0597255786920279,-0.9763374551790869,0.5212799050138145,0.6741053248049362,-2.4965332116265495,3.1329837949490473,-0.7146806769904318,-2.255251673675867,2.5065396429568993,0.6803212751915129,0
3.389615970575217,1.4342521777562505,-0.5482002981667726,-2.2113213820135824,-0.7710350415107172,0.3116351826129249,0.5531491563792091,-0.9169038592139482,-1.4031162559019261,-3.322956943695252,1
-0.7353489471602701,0.3581745462734147,0.8301918118626102,2.3286322622266242,-0.8996931700113687,-1.745499378239442,-0.772659445270824,-0.668561647389466,1.415365460998788,-1.0820193096735566,0
-1.1265739621003035,0.2805874630520927,0.21853404241094568,-0.9541808317044054,-0.36181953456752314,0.3731868951156142,-1.4152671919241875,2.5672669162860116,-2.5567993339314814,1.1193986081948184,1
-0.14114038083885228,1.4359663893082315,0.24312345851289308,-0.9161688397523314,1.0215557415572296,-0.9041623355426046,-0.06263957732723487,1.423466338329292,-2.043064252195878,0.12173705114646216,1
1.6418868612618722,-2.619410022083745,-1.3724655478841008,1.5861811450827847,0.7956540773008824,-2.4482074980327813,-0.501784192811532,-0.6212634443298302,1.9245605116358409,-1.975925726687858,1
0.8993056706118829,1.414666137404103,1.9114190871397234,3.364191666519558,0.11998681707071301,-4.302274790856014,-1.0708524186844388,-0.5661160066974804,1.4299151579277039,-1.8442717910562307,0
1.9774219621044837,2.0015933145492704,1.2906444609225471,-1.6283083383664634,-1.8880761600805929,1.1411479974640824,2.01527511046064,-0.780708398839441,-1.3071501442316475,-2.2900209046411817,1
-1.1344083710167052,1.5421741198540126,2.8684030556667683,1.2534392374775463,-1.2787577084139394,-0.9289574339028157,0.012499321907250335,0.8550252638819853,-0.6455270660113254,0.02889765341414341,0
-1.3102771352884426,0.17622304495098795,-1.0147594931858521,2.037911380147384,-3.1137045252104865,-0.44868873412596,2.0860470495371137,1.3135986971212128,-0.31026571916861806,-0.137953437591258,0
-0.9536837640094138,-1.8620073062529698,-1.1071568168024517,-0.40819171436456203,-2.148611434445972,2.598206463691726,1.2960630617813962,-1.4142599975367864,1.3460737322940515,-0.8895803258634166,0
-0.46363600724737264,1.2584353028923543,0.20760335140062577,-1.3335321553567268,-1.383112861444092,1.0766178119513474,0.9577916144729056,1.6780650661186796,-2.5344810177386825,0.2035140969778919,1
-0.1607166655514245,1.3656786198316193,-1.423682636883923,1.1930458453214197,-3.6330530900188607,-0.009290740711110414,2.169936588080543,1.5374823183299142,-1.402632397907416,-0.3954198308809985,1
-2.134980088402636,3.3198046467426994,1.503419828428999,-0.6327937568736619,-1.3079514583605805,0.1118777553112281,-1.5614932224418594,0.13029943565184865,-1.7658289386402757,-1.3321298233735641,0
-0.7717082088948506,-0.06389211550633034,0.31852100479887446,-0.48133619047998155,-0.4331589439512843,-0.6437640079062945,-0.950910729687232,2.663449521993968,-2.439053175564953,0.1095061716203709,1
-0.19942754744480717,0.8970439378575794,-0.24268127681203333,0.9063425665391518,1.0505281306442558,-2.9373478368561163,0.7060789138151315,0.18023926190471917,-0.19296238257666226,-1.8699888744563444,0
0.47797799491246484,-1.0581564427058605,0.2078025073533134,0.28546137381852854,0.24479165926253255,-1.7016498774510846,0.8407344821295493,1.2882569237758517,-0.7366825043715554,-1.1511081184588816,1
2.0595884635954342,-3.2060555367541537,2.5115565515844236,2.4535921824916365,1.1180339461252466,-2.5861776626959827,0.3467099776049199,-2.015294312235257,3.7258988298082687,-2.0118424051897827,1
1.0337550354604816,1.1167378869014808,1.0539857711828762,-3.558157701055905,-0.08276483791486988,2.18403514453946,-1.189232465077129,0.6115405523537318,-2.7803513549126935,-0.5838809392422382,1
0.12879445347855012,0.7060650047487493,1.5905820726178503,1.6217417422087061,-1.3572698159089363,-3.2132049737809454,-0.28438464960650933,2.433818650629571,-1.7863906379895371,-1.8124168322594416,0
0.3913635660106696,-1.1713917470409023,0.5697603571986469,4.543558553634657,-0.8853970677246833,-3.340802301017332,0.4914294527201998,0.1731166007474887,2.487441110383373,0.05783979914973858,0
3.5665734928201855,0.07142502173429488,-1.276304416538336,-0.30626538440315154,2.499196737245858,-4.097780728835714,0.5737444210044131,2.3315851111506083,-2.2372918086481843,-1.4813749176742703,1
-4.893983848942832,-0.643258587805877,-1.60027110450371,-3.782565671703096,2.170946155601932,4.879267261737404,-1.388542553831211,-3.2775544317893757,1.3208525019360116,0.5879581615225025,0
-3.5826911653052256,4.171902302040312,1.9532591375265682,-0.061262661275126584,-1.94995138126892,3.244481102120492,-0.7090209576304904,-3.192512092048653,1.2985905317819435,0.8009037386333495,0
2.575149388395909,0.7220012043141615,0.3379575282321183,-2.9395114310504207,1.723005726024501,-0.04259983237924262,-0.05592044852221312,0.09188437544108985,-1.9733028972944078,-1.6536096065533787,1
0.620301245035479,0.7851097195679708,-1.0773760769847582,2.8849620076482925,1.978243603741455,-5.052524304075053,0.8794170411374032,1.2105350733102014,0.2535063130393095,-0.3060859338423675,1
0.5565264508137093,-0.9738068711606745,0.17847666388538974,-0.8675049520251757,-2.1663109380871113,1.0570087911667625,-2.1770650464428547,0.7169487728704664,-1.066488519642466,-1.4984443370293157,0
0.9408278729489951,1.0276580403821372,1.6562082520572956,-3.4942873485212327,1.627122374381507,1.058210549626347,-0.7352010347632466,0.9497379947387893,-2.8363218278287676,-0.16579977908675148,1
1.0697220605697788,-0.10757155658665463,-0.08809124402907328,-1.6635721142277298,-2.036647384965429,1.4730119935779882,-0.5176925728692147,1.1429453734789419,-2.0446407850384176,-1.0439913115403978,1
2.22997599147795,-1.3017513650058659,0.8946471875738723,3.852973062603627,1.7009739928626098,-4.675167450280618,1.1947628618769377,-0.9467862907631135,3.0856301264575534,-1.029257130349044,1
1.4592127566541855,0.7887739275175494,1.2496189052966666,3.111241681630648,0.6960969931262724,-5.155211055580349,-0.8468509661253646,0.28172488589324396,0.7664640665130843,-2.2814589163892856,0
1.357809369346267,2.5809471781151903,-0.23701197001262772,-2.7095850244293738,0.8615025917621042,0.9267576897842981,0.961987189071841,-0.9712770842002096,-1.5667550725795025,-1.2787172234796325,1
2.0396027537359744,-0.968520656898176,1.0697714549838502,0.6577236365545216,-3.6197083151575957,0.23908742426400667,0.4968735905075971,1.261369295364164,-0.8480439189035175,-1.4102515235925301,0
1.402866719605564,-0.10020914268843595,0.11137260184005242,0.2610868296877482,2.530545486544677,-3.6230101602094726,0.03402741107223205,2.890501852557415,-2.0798759368801747,0.2233351785346971,1
-0.7083613549340391,-1.8316273413274091,0.21209335307417523,-0.7203057825848767,-1.3122451412468088,1.928998599529636,-0.1643352058853912,-0.9320262797579169,0.8067891550873283,-1.0032564563366912,0
3.3216771561694354,1.8022924910408502,0.27926783821652595,1.534856083659725,-3.804791265815268,-1.0191499091772682,0.7499002394237105,-1.024846449895549,0.2720127116026906,-3.349482996023826,1
-1.4353879420402067,1.4901747048337284,-0.9823035803773146,0.7485023947802392,-0.3842214289385376,-0.8028158578651324,-0.05390484900573916,1.0164934124320604,-0.8827828049503427,0.5630876193429146,0
-0.31511730589494524,0.17383506233819568,0.24353020418634463,2.3593168506274838,-3.1264830429616848,-2.0334007391952698,-0.514782674914742,3.492624998356087,-1.961630063512203,-0.025461911820600203,1
2.4015037196255102,-2.406397636956273,-0.7280770978553212,2.0415756235991527,-5.441211652880934,2.8288824075684538,-0.3600392687569827,0.724207018281839,1.1375501040692322,1.9070369193878611,0
1.6112181721405046,-1.1914680934349209,-1.1738799644089726,1.1362052658986896,1.1021223980381518,-2.7448254802381324,-0.581782033392054,0.5990994021871332,0.3468805657311551,-1.1414871498400039,1
2.762672357618924,0.42891233821830443,-0.9478927172689863,0.6499685815398151,2.2019127220781307,-3.9894489296632374,1.897767016745977,1.7364630087847326,-1.287811662401691,-0.8206806350157448,1
1.4014421538346196,-0.6520056335264145,-1.2935076252040958,2.367806522928343,1.8311132744407383,-4.071576248385819,0.07125374991089249,0.6529542757177493,0.8846081445772181,-0.4984681858932517,1
1.268052493035198,0.9873336946615626,0.02845758118315888,-0.2877850041756723,-3.168554643673516,0.29038694489635236,-2.0650830462563206,0.9084910914990952,-1.728573377880166,-2.0199902459499626,1
1.379419141059023,-0.1433367449664127,-0.14896930976729691,2.274771841084542,0.3806032740732239,-5.390773459975236,-1.365824155415439,2.9323516062899073,-1.5430934432149535,-2.075649988908655,0
-2.246908593964859,1.9959547062517689,-1.9080021371233076,-1.6485507627701907,0.4303817666624352,1.1419697347310482,-0.7999405067019342,-1.8197779608639584,-0.13915445160329049,-1.533323757118966,0
1.9067593458435181,-1.6486875839694075,1.8972886947731116,-0.615965968469731,1.1113496767347568,-1.7044038441387706,1.6957228778108653,1.2664087653554976,-0.9938293612526098,-1.4728208006436916,1
-1.440206654460644,0.5583584937191196,0.04600274725327412,-0.15574027550104197,-1.3916165670905678,-1.224673343417034,-0.23811043631205406,2.5864004989794336,-2.6828490564789815,-1.410566035608542,0
-0.18345516739783507,-0.7252080763969369,-0.16212397547985843,0.21538394461165988,-0.5560926402125246,0.4688225283425814,-2.1961278210999464,-1.1899044181908485,1.1737082450725018,-0.9431419547117674,0
1.9999839773649044,-2.1667824290638262,-2.128734094414812,4.159835386374326,-1.359858068748733,-6.1424135084414075,0.0785770297191498,3.462275945095584,-0.5437157265333212,-2.5460550046098254,0
1.1034646188675272,0.6127389261680571,0.2927154821418534,0.15004340599935984,2.6351510171095454,-4.029316382527578,-1.2883076174635377,2.835792662756911,-2.398519448041386,-0.35135515805356843,1
-1.6588840762595365,-0.2196709694667136,0.996118214911129,-0.9183543363165291,1.7348811010319984,-0.4585816054636754,0.13988723283912738,-2.2129805721835862,1.1980305367858666,-2.6596544999535117,0
0.7827235439808755,-0.20768344498748958,1.2292147842970504,-0.8500277220842694,-1.809933546424185,0.16711394630927537,0.1786947168104756,0.8955420304360817,-1.5227980320947283,-2.0581999669505073,0
-0.5095675861536559,1.617469421216918,1.6406145634882874,-1.7847663887854093,-1.4061100910824305,1.6246651568268926,1.362562852712452,1.5342050910781875,-2.735039710254035,0.39144472526386287,1
1.8704412208656618,0.017107197521509798,-1.1716543473175618,-2.226887230213606,3.8607914012641635,-2.964907757706208,0.018819049740598424,4.03173260829392,-4.237705626323265,0.3289436731037476,1
-1.0346558734783504,1.745829020614037,1.1373145423647293,0.697940120215256,0.6160279584575701,-1.6285064579415793,-1.1533505105959594,-0.5919163533342313,0.15961206838693004,-1.110903661211015,0
0.9699790982513686,-0.3473048400769718,-0.8449414385934964,0.22704314843234297,-2.9482009828368634,0.042541256640408115,1.0094717885959688,1.6192419763013803,-1.4929784631695222,-1.2700501657354317,1
-1.1476103536627922,-1.4977684006260792,-0.8256536828021421,1.5773846752080214,-1.3417315756642818,-1.0292823064234313,0.44477380783159476,-0.0539031854823695,1.037973652517109,-1.6407205774325453,1
-1.6103892276207974,-1.5320775918938252,0.3076126681891964,-1.7928444833630204,-2.2243627418475294,4.4109359037542,-0.14037505890533644,-0.744278754702794,0.19685909439821248,0.5828110891041907,0
-1.6033045116577695,-1.317396838624624,0.0976703767483354,-3.1107528820417323,0.7729061534072013,1.5642898407096226,-0.856498237409199,-0.07451612411077257,-1.2874282232102625,-1.9813675492961025,0
-0.8322495077821388,0.5500343913083621,0.3796396483859655,-2.618563167841521,-0.4146042594710617,1.7782439712930298,0.42934082280173436,0.6921350541242097,-2.195358156806591,-0.708813729175543,0
0.9793229671407746,-1.3243125781923673,0.604120889588518,1.8089899014526478,1.5664528530508024,-2.8286058126038434,1.0683793336940164,-0.49532460252760413,1.703234473291349,-0.976175866862991,1
-1.257313349502085,1.2325193466604034,0.8107986455917099,-0.6262434695598069,-1.0040498528047619,0.2555257534490228,0.6549755842216898,-1.54895581457283,0.10789607350817258,-2.8927571751906678,0
1.7642128217112472,0.49343348212902427,-0.21345677935043825,-1.2682536878419963,1.6468201230825317,-2.764950390872554,-0.3270173176097711,3.7242676740122036,-3.910924944648491,-0.5365509368260818,1
-0.5098081827173251,0.024659513792268495,1.4363354057059785,1.3188973586629082,-1.6388678788738105,-2.268258214337577,1.186734620177331,2.8729714347435387,-1.9645163723512142,-0.9635309603688997,0
-0.030386248746258837,1.3415532480171652,0.5825713188088052,-3.2843731654014547,-1.374505488095153,0.3434068172413851,0.6928575842374367,2.2915229299926305,-4.548623585747509,-3.1621676402581564,0
-0.6476466479911198,-2.3925907686597006,1.3845320475939062,0.08180797379582028,-1.8350348247558976,0.27813401713969943,0.2525688459966235,0.8617058697104507,-0.21357161307390374,-1.5926374290930214,1
0.6176722926566197,-1.5285363667267298,-0.18256897437954112,1.0548135334848665,1.473416718294081,-2.6495014228592506,-0.49693202511797824,0.7423857913751449,0.3753059328680689,-0.8625071537292253,1
0.7610176731732544,0.057583347439498,-0.8767737812118448,1.2254173434021105,1.8671412157098435,-3.7203006552819304,1.2208212988130478,2.0923469048665053,-1.0537533699351356,-0.07684149632944526,1
2.22327534249686,-2.8230566844797402,0.13192796677195706,1.4023516406709564,1.125387480142332,-2.631080624270967,-0.4118233689636573,-0.4046568066723688,1.735719608900123,-1.9350104570623592,1
-3.9494574191100047,6.006213467565855,-1.2549226680022925,-2.231842996875319,-2.0018027944086962,3.9327359647351976,1.0074439731951985,-0.6458137386498921,-2.401053627892435,1.6536136748019281,0
-0.6832905171399428,-1.2772088229834182,0.9040175547613144,0.661713717520904,-0.4265854535164004,-1.295540050397958,0.2243396567780826,1.5117368868268155,-0.6271725927597191,-0.7622640486561676,1
2.0875111295372877,0.6248484472945748,-0.8049664808525608,1.1216492962938873,3.082309005711912,-4.965534783091764,-0.1115088271429437,2.682169414018335,-1.7091146249362517,0.08457416341885415,1
-1.8161610187079806,-1.7697744418749601,0.15946250680412918,-2.2415843127255846,-0.5278806332149247,3.1242786291203455,-1.2172826922204794,-0.9110469945190744,0.12504546056777494,-0.5806031692466265,0
0.6445385614160395,-0.21565415568018564,1.2302221756507876,-0.4264710790529611,-3.2853370397501735,0.9137039152098817,0.3791531187261241,1.886321524940567,-2.0570389309284,-0.9414292095526553,1
-1.3323202037261068,1.5714511120593935,-0.07566560432583026,0.6364234409016325,-2.330337546188537,-0.1097752006887288,-0.07397286359437803,1.6976638706296314,-1.7231629531771442,0.06713332750558432,0
-2.272495779454864,1.927856106336745,-0.3726755839519746,-2.8788584519510114,-0.9939708560436012,2.876347051661483,1.6296421311127987,2.1281583556717747,-3.6564224150733446,1.624840043682108,1
-0.7218934564141026,1.1443892445415262,-1.8800100339077637,2.367109551515779,-1.574693058842606,-0.7789226333609928,-1.5350402475323597,0.08697177457123095,0.7750154185410947,0.7969505864903585,0
1.0740113231745076,-0.46149669748826694,-0.6327550298850391,-0.5805124853296406,1.7718450925110234,-2.6245486165985765,-1.542801515209646,3.0717216123494424,-2.6426898259421487,-0.2353561906741678,1
-1.478127552898278,1.704647660235822,-0.1373109657888796,0.6516100264037936,-4.232172121301293,1.518151394508858,-0.6076463453734726,1.4068747657631726,-1.5827357857508446,0.3891499960202045,1
-0.40947399797980055,0.9686580450252396,1.8071966436378852,-0.4784804128189768,0.6524576181332731,-2.9379997125123114,1.4509275482792119,2.876577486092004,-3.1741593593092445,-1.8117505576652229,0
-0.20481183415224402,-0.929918324762308,-2.6031370878272986,3.392586074783797,1.4399486989317212,-3.8557487744032057,-0.3021805869826214,0.17218118768198742,1.9771966801443568,0.07155713390271656,1
-2.3095665518665855,0.5206113274224371,0.33260751032419755,-1.5761119635644034,0.6303289051953422,1.2431776545998143,-0.5717460419560614,-2.095030973847209,0.5868098737373892,-1.8210032702662358,0
-0.9064446331121656,1.554475833095578,1.2788658133133932,2.2803265548409897,-2.5017151331386156,-0.6928785445558264,0.22228985580085406,0.206005493635243,0.32895798556031525,0.001678074438236532,0
-0.10240013408703075,-0.6036799981624161,0.4201915428949916,-1.8103297440450339,-0.07838165718845735,0.3554283190615369,-0.9938626748348534,0.6222269539645822,-1.4953566778426866,-1.80387625615596,0
-1.1054799321804785,-0.0638339696488488,-1.7863754653546866,-1.7078163235100292,-0.0466482621945038,1.090040646184581,-1.6380290574360168,-0.48674688591303883,-0.6334530910086195,-1.4681547242860642,0
0.4863429575451894,-0.8450647350567878,-1.7476365098282616,1.1489917449783058,0.3095949552153421,-2.4046189853515125,1.7120402840178925,1.354822625741763,-0.37572444327949917,-0.8233416080474341,1
-0.051383402505265297,-2.432174318377177,-0.22747625995340778,2.0032157014741463,-1.7051864239679482,-0.91912556067866,0.3361449630262288,-1.3391154515354895,2.461323108691001,-2.5680592384948886,1
0.7703475719315583,2.1146238958526187,-0.23950192202174977,0.3254728022835307,-2.6262616116038977,-0.3507096781629277,-0.09294420661358828,0.924676565317633,-1.6560197572029263,-1.2572291245854474,1
0.9671541996853834,0.8623739397764809,1.063940987560856,-0.35031835615060514,2.721402706092565,-3.49778137754233,-1.7760117540484022,3.0247080050308934,-2.8163742256614133,0.11833810676615442,1
-0.570362616882158,-0.7616732242149233,-1.0257526836402773,0.6501257327455584,-0.9871591321700728,-2.9034993021338398,0.216624975404619,2.996269713693625,-2.315654217727888,-2.42965563106406,0
-1.663581361733148,1.8962170542654642,-0.33078922432755736,0.8683903448083111,-0.6619824974215556,0.12163583265186644,-1.1036698285303692,0.03580102284918674,-0.07376048996947122,1.1139856309145406,0
-3.0992751607629283,-1.046737863473416,0.8282296901846228,-2.098075263426223,-0.030394828575509236,4.078113049715856,1.6087808557343735,-2.431151595520001,1.4016719163816556,0.3119072676958332,0
2.439593738616993,-0.21487893561177707,1.1013229577357622,1.091659185746803,3.413627774131281,-4.514878843326965,0.4441983272906719,1.3215105910503375,-0.362850226373052,-0.3644283052769838,1
-2.2912318576134094,-0.3380100155941954,2.3079162506161106,-2.9173879037190598,1.5160709216374233,0.4205984559966076,3.2430929695947333,-1.1350302140551911,-0.8006023123586827,-3.540955123487746,0
-0.6900880369302935,-1.4454669040891495,0.7123221595801621,2.0519231136463167,-1.7555136757093943,-2.3092339242896744,-0.40968659262949736,2.9985101326443733,-1.1504548886433854,-0.5059462986529618,0
-2.0292479326240143,1.6806860600547122,0.07715649621771674,0.087539584683193,-3.7585612460562117,0.6665932760123544,0.4283166923752375,1.8389514949845114,-2.3847596620912097,-1.0125263963244382,0
2.1369342639554123,1.2969851700373796,-0.2841550979287972,3.0083345612987404,3.7977856771835716,-6.483124099054812,-0.9858038086678267,1.3159373206018001,0.20533584025867857,0.11440218718307515,1
-2.716033498497191,1.6400871191473465,-2.839078659485427,-1.1995027965090075,-1.3583744306384233,1.8337193031458785,-1.1511537365528692,2.1847861868214613,-2.742905724104916,1.8512933883138483,1
1.2962031296979666,-0.5176528741290283,-0.048088507330772585,-1.6794746047294677,1.1580304526087253,-1.65818799131521,0.8155010224442626,3.3516607313998947,-3.513522199400192,-0.6609114922854391,1
2.3444190932877107,0.5605368073495052,-0.09184476433495513,-3.234198273201236,-2.0085238501560836,2.757994870033258,-1.4990159604584012,-0.17247597023706374,-2.116654975921803,-1.988529912945745,1
1.6094410517936968,-1.5453879580725571,-0.535316712567659,3.2603469952710444,1.8353687852303142,-3.8844354258580096,0.4961991873633163,-1.1406631951435537,3.072919410614476,-0.8415073378879256,1
3.2147638523867625,2.0910353396491406,-0.21713107494620248,-1.442897953884541,2.056683989549896,-2.235227196234016,0.990166238959289,-0.04905817545367119,-1.62387583538275,-2.213900742121663,1
-1.990850192368095,3.414780768103618,0.4751677464953816,-0.39147124584645665,-1.6908855228872444,0.38582831603920054,1.1038773433162576,1.1085612785622205,-2.3189879194339387,0.03162852536472549,0
1.5438479078155876,-0.08787751443288139,-0.16036008104483077,0.8269417799505452,1.9283299994211616,-3.7372225280729006,-0.049029340838036735,2.1439931909372474,-1.3151668046980172,-0.4750796907096059,1
-0.63853126056143,0.17671926421218054,1.5232386217122582,2.381981459925713,-1.7804294580875417,-1.3825129642173657,1.667224111551137,1.4209826752854633,-0.05783694477790805,0.546082944346177,0
0.2289153606822375,1.7684735173110289,0.46248362406685406,-2.6508037325940124,1.120532457928614,0.8487170528362536,0.9603047962814704,0.7406655395573076,-2.464242661037564,0.09178193340020901,1
-0.7875003866617039,1.842501524501539,0.937915537510655,1.7058382283148372,-2.8501020112341364,-0.786276927589405,0.1847104747810833,1.2171996943449328,-0.9653141063095023,-0.303106680450139,0
1.2773780742550556,-1.844385712245276,-0.39622967810175985,1.7780429131876718,1.082408158027291,-2.763098002241011,1.2395840064415615,-0.1358342055021169,1.4898463430947193,-1.2340820797749605,1
0.4611371192054754,-0.33960844305237536,1.3313390619884031,1.8453858562286112,0.8078374819137008,-3.21205295050104,2.1247714030169615,1.2046522787266274,0.00431112741638001,-0.5420025295960187,0
-0.0786120318626422,-0.5076822442620748,-1.7931064525345768,0.6516832767311831,-2.022701523675421,1.028643560123194,-1.2644984069549656,-1.2345762338129862,1.2674972701573037,-0.9590621237183681,0
2.969348595757726,-1.037605080923271,0.19405194360587402,-0.6894913779073635,0.766105884898417,-2.24574789810101,0.3207857259326839,1.5900848349254568,-1.6343078128625523,-2.1313335146994747,1
1.6273450531442317,-2.1971139084634577,0.269294752580734,1.744817291748613,-2.5030609845127345,-0.4230728846628689,-0.3998990621311371,-0.49966556261546,1.5876507251905827,-1.8269499033063714,0
-3.845609650732182,-2.0385676751186006,-0.39352985596972884,-2.895568603821177,-2.583013998828832,8.345156298023987,-1.1195461283831687,-2.1231323734408813,1.3310962648982216,3.102987738097786,0
0.33121328979931786,-0.4658983190918602,0.03944704824073949,-0.20126264374240876,-0.7491552860638654,-0.08464312677443736,0.4240668615184512,-0.1905205343766878,-0.06061814323822544,-1.5430517311383094,0
-1.6933130736205921,-2.115000366522139,1.7031726099180378,-1.5021124290576164,-1.5513189619722088,3.7753494724791596,0.9955815140020298,-1.3089290993824414,0.9595844778957936,-0.035313075508117464,0
-2.033886372441196,-0.6083675923959504,-1.3158158164275071,-2.6098683402253444,-1.0928860693298605,3.271681778102208,-1.4359095238685275,-0.7406789952230924,-0.6764359200295739,-0.9860103297633428,0
0.3262454678241533,-0.45233647651926523,0.13906039865341766,3.0284539643321726,-0.30365809825381873,-2.7439414708984735,0.861636124497944,1.7221731235335151,0.38776326077092377,1.1550064501192323,0
-1.5996903835610432,-0.4732535455486281,-0.12372894627483615,0.30525958803450415,-1.5002728870676263,2.7172550866715777,-0.3828171896129687,-2.7196154756545887,2.5382413890333666,0.19456625559989527,0
2.585074190516389,0.1803759214442947,-2.0820987031889873,1.9945539453099732,-6.259580526910314,-0.1533901282008762,0.242882013150275,0.6319715636872274,-0.44039548242752113,-3.1109683629915366,1
1.529109529535127,0.5875965135300825,0.19484234027013805,-4.8390563726613,-0.4578927697983136,3.353781356878739,0.46027162498230384,0.43851527529241063,-3.2290671568961264,-1.2190320796392806,1
-1.8955382483817655,-2.4161796525913184,0.2647753109779796,-2.1051471139869546,0.5666357080627047,4.0166012475530115,2.4851899166788916,-1.2030640954104397,1.0578546610520545,1.7797230227810945,0
0.050423049643742335,1.5610990044018478,-0.2598001407675125,-1.2534453670411136,-0.5503109581736779,0.938805434355491,-0.7811563781311142,0.22630517983636755,-1.394073148150836,-0.15225399873189605,1
0.35670183345521234,3.052014145500412,0.3933070500053236,-0.14111649545916594,-4.207083360517468,2.215541900808815,-0.10434279298689192,-0.9367796821030678,-0.7044245625036886,-1.0097119631306084,1
-2.165691438551474,2.3149631303103466,-0.7773714848459066,-1.4653809756028777,1.199018554619605,-0.10113560560642805,1.146030144142065,2.570404288534337,-3.2799244002572205,1.8306496281217202,1
-0.3187235554745915,-2.548675588518413,-1.2390527025266425,2.2136824455874953,-2.604030204457846,-0.24098290190691793,-0.10343122429028392,-1.5321490486881197,2.7386369947516482,-2.418732425038607,1
0.5611131649527814,0.491898061831467,-2.4932708203300775,3.3470072153037846,1.7033961432224825,-4.948228476082783,0.5027448074908146,1.3216783204259754,0.5531629722993368,0.23139914701896624,1
-2.772484516899821,-1.3422951987889955,-0.1581538443723203,-1.7533600030511916,-1.349584939645659,4.298841196630283,1.0126374096440718,-2.207281648699677,1.3423393873292613,-0.11126904609410715,0
-1.215636038675407,1.0495629240752784,-0.7331561971099966,1.77167727134744,-2.282133537729099,-0.568173328577234,0.44130715169924584,0.7210068213329113,-0.17840337644337245,-0.043782868474183445,0
-0.4627780391609526,1.4632344994041928,0.29815846599052565,1.622948013831046,-2.0433593520670867,-1.8231977987564978,0.6032475005713938,1.2453101774524649,-1.000833354424579,-1.2706863174907759,0
0.12341496823164033,2.7871002943449543,0.17775010626803134,1.668991294177515,-1.279515184389646,-2.57492742340254,-0.5258796758952039,-0.034747576263514324,-0.4508736379758863,-2.229357790311793,0
-1.1469007137528333,-0.09082344146786081,-0.7469232850701676,0.22537749304210486,-3.097124826026318,0.4108927263274061,0.0861108682589779,3.5562490552355226,-2.8880457123750127,0.6846766198528207,1
-0.2315203003284555,-0.018251174417041494,0.8347513263248821,2.2612115218144893,-2.0452595822152535,-1.8873174413090106,-1.0921636327180897,1.479206977453833,-0.3021468281648984,-0.6864168965188692,0
4.627643905175741,0.04664364342404714,1.1277802506338985,-1.964399971772116,0.20954568773146742,-0.8104431989487606,-0.06040372919690829,-0.26119037487245267,-1.3264022895961314,-3.3340494974276855,1
-0.23468079616212734,0.01919030835300184,1.653617268492285,0.265676223330678,-1.1556669457078201,0.2853753900399012,0.31952467078295543,-1.243579296030739,0.8620989301039119,-1.6378399614661239,0
-1.0366698161804777,1.6477964768064886,0.24300472205439969,-1.5975831823517233,0.3422653653074128,0.6540434231627522,0.9500158286696456,-0.5452328533327961,-1.0120843871088379,-1.040222605053762,0
-1.531185582507687,2.8645447737682264,0.5221425459339358,-0.39160819731987506,-0.5082267913974156,-0.6520622994481152,0.9784221120280351,0.1918566591518167,-1.504813388109555,-1.326220042177141,0
1.1965033730238834,2.4778142201282636,0.7835896647986067,-0.9379644304593701,-2.6243594061124806,1.278191878459559,-1.8518427315746586,-0.8429101154650389,-1.0422350910689973,-1.9102881160510474,1
-2.441991125134062,-0.3428706223568815,-1.9689231424160831,-0.8397613012534129,-2.8857328640551136,4.248468165936762,-0.6922503292658964,-2.4058768083419486,1.5089386240622675,-0.33491176254251664,0
-0.22351253254814474,-2.9713027170437103,-0.552920837367302,-0.7746658300773581,-1.6729027164265573,3.1503662551868357,0.6647027453331099,-0.37953817708202076,0.9184201894647193,0.7374800065838798,0
-0.10202848390793728,-1.5424682664708034,1.8577023435377324,-0.6903869236958515,-2.074448464715129,0.18399230279528914,1.4974316831796264,1.4168670405279038,-1.4609526919676423,-2.2246830633617196,1
2.4105109843734,-0.24803376166291435,1.5944423917491968,4.813617091108657,4.431191746655699,-7.277227235640848,2.095843501809159,-0.8786765379301964,3.4180627924003306,-0.3882781730681074,1
-2.0571954692736067,0.6710128354579907,2.042076040143744,-1.446739055755863,-0.22264591790460986,1.7330109524041968,0.10343812930810638,-1.6836290212417766,0.2818480530869452,-1.2859181481480144,0
3.107193323622144,-2.8411278785869007,-0.032280611049470324,1.0128355787859218,3.183381938689376,-3.366779953445936,-1.8400777445057528,-0.5654813470516897,1.8630773049706175,-1.420704803297851,1
-2.5375241827028114,2.616265469799523,1.9412174364637491,0.08954900446445324,-0.5158181634434833,1.5250480559582476,0.6654168236917787,-1.4188798837655887,0.531191811012423,1.1363458906087347,0
0.6674980573629414,-0.0966523137565789,-1.4162270557926455,-1.1084735407817872,0.44548110391604245,-0.9587090721336532,0.8622235118869771,2.8029461651058933,-2.839915760376733,0.04018256584514712,1
0.044545285957865666,1.1743576117654508,-0.7047284356108838,-0.86061313540303,-1.8265132567558033,0.7461428088840117,0.5720062783004729,1.1334780384620162,-1.9614842633334069,-0.5820829440654396,1
-0.146082184826544,0.9282999565987462,-1.1780408673763807,1.3249609346438866,-0.5450935217873991,-3.12128588009575,1.1834936668899279,2.0989282529348174,-1.6316830300727507,-1.4896064673508227,0
-0.4906916621139299,1.066530484492089,0.47263034584340563,-1.0265229365356994,-0.48709635281896446,-0.20243890115023203,0.018016872044446585,2.346448946065842,-2.8313364789797304,0.11488351910857708,1
0.32475187862136945,-3.6299880884997187,0.5136144642310962,-0.18475180131735036,-3.1097252077780593,4.48948336296688,-0.8927875154918841,-0.08656639339048489,1.3293763540048948,2.356923957702155,0
-0.947888612611814,1.789754554045246,0.6464895377257707,0.5904150657683791,-0.35770159076064356,-1.9531080414612783,0.2314459225255723,-0.43502882980586466,-0.32830460763049996,-2.699830540242255,0
2.2791301889453917,2.8651962230593533,2.814654444472553,-1.9969563683852682,-1.0453423323026485,1.0558579924700273,0.7007006121205837,-1.5765594466310717,-1.0912290043373456,-2.434304062897902,1
1.275253429988396,0.37119358064405483,-0.30561911106831297,-2.892229483663445,0.4651049378096592,0.8596445068130579,-0.3883469383011584,1.075141885771704,-2.605311540893814,-0.9393121932122858,1
-1.1285155166820657,2.02189548525907,-0.9379255765363989,-0.08867806233316555,-0.4811805066587834,-1.205417895920644,0.33855287628591424,2.069104592135779,-2.4780903275486836,-0.1961202908003742,0
4.834790226257281,1.5236875966277594,0.1986800095474069,-1.9860709645511814,-1.4576556838370616,0.2355891147758016,-0.9849931258170151,-1.930219645461059,-0.7116516627214785,-4.531375840485598,1
2.4368888877449475,0.3084306503485079,-0.06418416128881928,0.3428102187015749,1.5893452241668165,-3.7337421781150977,-0.3613105619672905,2.269926565949548,-1.9238926863868049,-1.1312722329488976,1
0.031162491825089123,1.4826409540711794,-0.33638694541113623,-2.0235279098239483,0.9912242099923589,0.21747600430007322,-0.26265952031616774,1.096884873834126,-2.3621832008126797,0.03734552609364816,1
0.9616955678792632,-2.2329891762117304,-0.6273134459513029,0.5745997846475324,0.4384347722003833,-1.517576914657889,1.1806409124521446,0.5296596794409305,0.42163007544727843,-1.2416243077822608,1
-0.7423430820232276,-1.5531083337832023,-1.17223375343664,-1.4722697194877326,-0.6024195374240819,1.713577748899885,-1.0425776946705763,-0.3336902319618502,-0.12264813847377673,-1.0180259368758957,0
1.030257911781033,-0.20214029079803708,0.8723153800284503,-0.060670550484192565,-1.45631505529756,0.21771062636138727,1.0294574815983573,0.6057589193690782,-0.6642798468406441,-0.6489234818979509,0
1.4007515553849124,0.2980050024512424,-1.1840305582225594,0.7216178873090133,-1.1876078720584986,-1.52002662292455,-0.39767969361460404,0.13460701501281513,-0.26234531871869027,-2.2492236037783084,0
3.410338052702014,2.7069771607983713,-0.47126374070251964,-1.8336045008393351,-2.820478294013064,1.8904029323521558,-1.6891830379672617,-2.4252949738639975,-0.5172683444539575,-3.439171131734005,1
0.2506989577190244,-0.3247171637795552,-1.1952937635992447,2.913336762261534,2.060755529022345,-3.8336087891434687,-0.07744346072599365,-0.9528581731063341,2.394486881879049,-0.6767772771186173,0
1.8862852245029942,2.0007206262378725,0.11314045705302281,-1.5679407703390793,-0.983316698041663,0.48672433025923795,-0.44594371386116016,-0.288155378754271,-1.5636153391851657,-1.8212618823241729,1
2.2233597378053873,0.412081068626343,-0.4151002889633696,-0.8244867902337895,1.282689409130024,-1.9904053540821727,0.9324348709546673,0.7115258870969723,-1.3625907798550878,-1.8108477854890108,1
-0.16710779785472374,-0.7012847418854944,-0.7282722024066131,2.056039669673373,0.20529713603357513,-3.383397929195839,0.5059655534558652,0.7439273836989321,0.3976368521848878,-1.8607358255193556,0
1.5224277953402625,-2.432411714626924,1.1717179147161596,-0.5290922062435593,-0.5109107899443139,-0.8601125455242803,-0.6701152004542329,1.0812193435283555,-0.7438020536086154,-2.280189949566955,0
-2.2010117448709066,0.06111679322197938,-0.21560957856802238,-1.9693718712821897,0.5134427750707142,1.341667049368699,-0.0070449854805546995,-1.6005519392793401,0.08875832433072757,-2.0374558686961333,0
0.7419046831935239,0.06138922113316303,-1.123494033239598,-1.288947298777222,-1.7530429442960722,0.6098119755871535,3.152056734512085,1.6917986767707256,-2.351482001908619,-1.0769987043253937,1
-1.2534323925472723,1.571851975916243,1.0581183250871502,1.436292490947986,-2.43104279257461,-1.040164287330991,0.6386601686431024,-0.045695851242624874,-0.17592138922986258,-2.0262683454676598,0
-0.9926067222232804,0.011886710442855608,0.7574951493374855,1.5504258794818004,-0.6029414478773869,-1.586918476396089,-1.0501407396021456,1.2577614565925446,-0.2875695248455279,0.0169387192189816,0
-1.9578702184668173,2.007044384057484,-0.2116669819311769,1.469170018568908,-2.8601838618655817,0.8020538091883661,-0.3301200939664503,-0.03339890360327091,0.047889181031185016,0.5903237735155598,0
1.225706412278417,-0.7513957224053902,0.23184209213484805,0.9087686688802252,-2.4832978127088428,-1.8033569739418696,-0.20035257779416388,3.4711047553658827,-2.510995222955418,-1.1144207045214642,1
-0.5320211483132071,-2.235186005884448,-0.4482246163001494,-2.539904379769218,-2.311563236450125,4.110732895209728,1.2528426344274837,1.0681213894145536,-1.4798569894346623,0.5730459413790214,0
2.3295785482066638,-1.5286403285909602,0.5507975722736632,2.7833978983429732,2.0045891848992463,-4.119497005975459,0.4080528468367557,-0.5386265725458206,2.297649474544451,-1.0276955909284653,1
1.6798887358128667,-0.4178711762541969,-0.5321685631271895,0.0899454371047228,0.16702908035659503,-2.1400202703377853,-1.2926253471522626,1.7389337517122736,-1.476559928167579,-1.3671053366780317,1
1.904282119799809,0.34270485502126213,-1.4055630538562867,1.1334581877965881,-2.111422299725052,-2.096169041959963,0.02263085267686914,1.5993785910230227,-1.332838459334172,-2.1153532486142135,1
-2.438206488089145,-1.9588233673778048,-0.32669621318636405,-1.5869922424232528,-0.3659324299663871,4.161201158769092,-0.15032046027187207,-2.1522292189736985,1.7843532569032052,0.9010124461920836,0
1.2020824840702111,0.2805808572600763,-0.5152183938082427,0.8715180061702361,0.5634030723062042,-3.2109890379301285,-1.0105982199289134,2.386659978345205,-1.7358480648854406,-0.7695161064196878,1
2.246145550602476,2.513036119361839,0.2063617713254507,-0.8564124526126394,-3.932707819690994,1.7230755519069527,-1.0196953197088567,-1.1086733878398842,-0.9779161342763815,-2.5530053503908015,1
0.09918324093273556,0.003242316400731804,1.356583385827982,-3.2014650254385244,2.3790679824345435,-0.09823393246887777,-0.29424250563645765,2.8733208270631785,-3.796368581046973,0.5111042039591416,1
3.536670075577608,-1.6159359145297618,-0.6141225650083162,1.4243327386842868,2.279523365283299,-4.100737098660722,0.1455211977682408,-0.008503469846116829,1.0588193568213857,-1.9886996469564566,1
0.003911464174707779,2.0673359457450364,0.4243939378610126,-0.4124288832156655,1.0173760237286276,-3.1458434899177896,-0.7955570679408823,4.590411856919662,-4.594019882472281,0.4281386843607413,1
1.0991365141342002,-2.1956010875205005,0.4512253193185082,5.066419304827759,-1.1931059585530446,-4.269235029135506,0.9003985883950636,1.822963872834448,1.7231642154483746,0.30597112088909806,0
-2.0767449287088438,0.6309135265616179,-1.0753123930492379,-1.3975025964301113,-0.8055264515627745,-0.5277170445613916,-1.2070216478572156,2.538083395930677,-3.2742198053830096,-1.5853947280008494,0
-0.5997691781708512,0.3787515861727063,-1.7518288067517191,2.1122926805284443,-2.1748534737832887,-1.4178779659604368,-1.1543626682329844,2.315265087783746,-1.0254798394394298,0.5775808524035324,0
2.979956887361726,0.7142324687760819,-1.031955242094435,-3.401247460544322,-1.8281375133270377,3.0462931007767278,1.2347519140447951,-1.7978093116229603,-1.0317172303852196,-2.9256994432205103,1
-0.7830150369878683,1.3923405196809209,1.5280313593878327,-3.182669068691715,-0.6295153102491473,2.4107174909263374,0.6715311717290534,2.0198197546902765,-3.659197790172981,0.8153518933143762,1
1.6480005409262914,-0.32415854594073856,-1.0496554989099411,0.4692678973059614,0.8157408567690874,-2.992590599338748,0.5681032051286461,2.377240165803947,-1.7348667238525708,-0.8562946223420221,1
0.8839532500506767,0.502241274673926,0.9134737320174066,-1.8839960182431654,2.014674836968081,-1.0999064561725487,-0.41222074502447015,1.24662490060115,-2.1658824672826884,-0.8147034263573694,1
-2.9747647085007674,-0.8745012998841073,-0.8281962729652346,-3.3283655288132743,-0.5422521627143604,3.964366946198051,0.8580141953021454,-1.1435992044717418,-0.563040283696292,-0.9483921860779994,0
-2.174891218603478,-1.3698475225041793,-1.2578681559088878,-3.0885081691688923,-1.3419748426473075,4.679989291055492,1.1927351654164144,-0.3564045116874637,-0.7972253629555847,0.41396657308083307,0
0.02613663315292225,4.0831818160573405,-2.6307301368290634,1.2332292453385127,-3.6880455078105805,0.18563786349048245,-1.5189108250900678,-0.5477554943541147,-0.6497003320682675,-1.0770141250190697,1
2.6012269882143944,-0.7138112627064979,-0.07722104522304557,1.6565774474793091,2.376966590014837,-3.9815540890391166,-0.6073544332122114,0.5115432160059756,0.6468418172620182,-0.7184348816093591,1
-0.299872172763606,0.3372147669548806,0.3116528560047783,-2.2124731404788185,-0.634566238610923,1.3692020152608517,0.38130961226478466,1.5112747478147714,-2.5533690194321443,-0.2235349157316644,1
-1.588683414287598,-1.96147471965885,1.0743180127155614,2.891804727619049,-2.6113533544561816,-0.9978244185405406,0.22907468820570256,-0.3615310914779044,2.047843832197055,-1.6004704266657122,1
4.186510725691211,-0.6397092958331256,-0.5898947564628909,-0.9542773820970297,-0.10880181075296658,-1.7640570092976624,0.5954908976392573,0.4414082228388716,-1.1991406212294777,-3.420150866507628,1
0.04938626803469437,-1.9039211062182253,0.7214793237573432,4.381188157749786,-2.8608217713538946,-3.30338998117203,-0.7353034606819523,0.7167437260160189,1.7694666194618707,-2.113118669483706,0
-3.48490271073114,4.882970508572866,0.33802348110170816,-2.223461521238287,-1.2933176488052482,2.478077370400433,1.2769653860881878,-1.4523556827361856,-1.6985066521462224,-0.9923661457138147,0
0.21199527313585587,0.25345550500652747,-0.4030759890650308,-0.6542952108365092,1.539103851701619,-2.6403336681641583,-0.6749340187905523,3.754317993523667,-3.4378886616527544,0.10135474884242979,1
-2.3378866847329447,-3.4682996660384107,-0.15936223214590656,0.924912565565492,-1.3635957758001624,3.6213340410074344,-0.45784838618248924,-4.308467271154566,5.166337712471222,0.05996915884103804,0
0.5500962933817781,-0.7249073893681299,0.6952029000839993,1.7028187226962852,-1.0845513758654672,-3.4111568867881075,1.3705361439967134,3.274484928991449,-1.8928193051920301,-1.333986357371956,0
3.1839189119627163,-0.791094529927815,0.7640297815728595,2.0879872278872202,2.6540845390806513,-4.55790573562831,-0.8343230454915821,-0.07304562393255742,1.317192868020873,-1.1900450780086236,1
1.3519151044174595,-2.9690661752648753,-0.09791524644290406,-0.3355239396580425,-0.5185464491888618,-0.37173349792725086,0.5222506360177785,0.42986878824204355,0.11112336721901489,-2.0383978901520736,1
-1.3148853822866633,-0.4556275634944751,-1.8579014513982872,1.2501071111782607,-1.9659388345078845,-0.9798430832363273,0.22899639245934025,1.9484631826759324,-1.0124908366019663,-0.5108161277854649,0
0.7712715291983763,3.52882094480516,-0.7746149700185819,-0.22177028536108911,-0.6439402685584288,-0.5083510270143726,1.9234457948249533,-0.9415594248230823,-0.7478460679504035,-1.398181631383772,1
-3.2129107970836075,3.5484819345184078,-0.9455068799427312,-1.3464657969041416,-0.4321160397366435,1.6161412151162895,1.676393027208203,-0.6967025693852444,-1.231779103885509,0.14542838186615858,0
-0.5978389059572139,-1.4998497329611487,-1.4068150094975382,0.45232396734888436,-2.3804401076756,2.183463126284479,1.3254321090950785,-1.7623003550936445,1.9589113545289476,-0.6980983924551696,0
-1.1339540613478927,2.6417465073932997,-1.3327773974796497,-2.5295296193113033,-0.8494147410727693,1.9817479041201262,1.2495049007061587,0.9344140256340698,-2.940398749381683,0.16701611375080772,1
2.041163141794999,-1.7747265427866017,-0.6342858476894031,-0.036264861632134826,0.33147598070193873,-1.6365727003819226,0.5964411375817527,0.8856872441029847,-0.4312874660775614,-1.7529064014302498,1
0.14199945641894285,-0.29313063703475395,-0.16563141031763223,2.7668529533290167,-0.5533898995452344,-3.221098544455343,-0.5938114080687051,0.8499437223880913,0.5936813690561067,-1.0922152231734517,0
-2.0993524093696436,-2.1344644450871453,-0.022278979183713316,-2.0447953250946354,-0.6209593248714835,3.3221437715936624,0.2773584619646759,-1.4190048088168217,0.7453309694657926,-0.7307690987938384,0
-0.4649410825689083,0.16389792870420106,-0.752435237353035,1.7973761566274797,-1.3763619145781392,-1.5633077709855898,-1.0022170189267248,2.3725513631353286,-1.0878685390707132,0.7677310427720474,0
-0.8462042918501553,0.31528875619272756,-0.18150316213566714,-1.2502501594212683,-1.3886862486326512,2.479563546085819,-0.9951484818533795,-0.3033399238001109,-0.5040015835623349,0.3442863987984619,0
-0.6823205463649187,0.9469176551465159,1.1727568452674448,1.8978554797578149,-0.7251159936404534,-1.5713537963158386,-0.9046143749937661,0.5770580628521744,0.1531223811135881,0.15512917474987198,0
-1.081574244694289,1.9850469398983348,1.23000057271915,0.5137586340148326,-0.54232570634086,-1.997661156205062,-1.0263692076658921,-0.8899081685336983,-0.17394129258803323,-3.478220948796395,0
-2.9879903767753886,0.6645060945868762,-0.7284616216803428,-0.8565934947450788,-1.5038828409698461,2.4787086945444847,-0.37185788227866556,-3.152213433531703,1.612763699751041,-2.1863671475237503,0
-0.3066899769077539,-1.729028320547268,-0.736770135947622,0.7962004201964581,-0.6770113466782698,0.47254337753298786,0.5859042011646491,-2.051697827181743,2.4456940302778123,-1.4027701249557578,0
2.429159809692236,-0.9690950420876004,-1.5678594253654559,2.8807636029643326,2.6337156717912924,-4.727537253006864,-0.531454551359215,-0.9454264024010073,2.4893577528744615,-1.3552511836451882,1
-6.5347577289602885,-0.5874233950288668,-0.5505519317084877,-1.7850261567143653,0.898787087368693,5.306184290403299,0.46436986354657417,-6.658151032581569,4.892873712108476,-0.6781067373118974,0
0.053777876678178016,-1.4340759289658678,1.0269862633197322,3.2441308675884346,-0.05702586121168063,-2.7082696559124857,0.2125740306322149,1.9145974809676045,0.7437521135975633,1.5951665258619108,0
1.4604731330615572,0.06979375974593649,1.3554428011054958,3.04478172485762,-1.240400291618284,-4.932349466854875,-0.9162741005637249,2.650238753240089,-1.1016207734490213,-2.169082549715739,0
-0.08900101220439871,-0.09392327968526759,0.4373131870389607,2.00097097915721,-0.5019317903344281,-3.094844723106896,-0.37231905293792283,1.2255746039444901,-0.23465386416796472,-1.5733855098290794,0
1.8601858457202023,1.685791013247119,0.33868731792169,0.738005818819675,-0.5772608312954541,-3.260956975845888,-0.1421465369405461,0.7704401057664814,-1.3549869303766897,-3.2309258898229545,0
1.4381689698938789,1.672903600984535,0.29964768783734813,0.3972314431668975,-2.098243054680878,-0.6626563143637776,-1.6158867874104728,0.28861080203894796,-0.9864379934622386,-1.7045319391895069,1
1.6359102159940162,-3.2487699486266504,-1.066234931899225,2.487233973576779,1.453188325460267,-2.4656242974101126,-0.8153756283161211,-1.5605084175699377,3.5419005526560468,-1.0584045365095631,1
0.9004676921267976,0.4597943477138088,0.2215584736242106,-3.8313741470957994,3.216244609196095,0.3301368188307892,-0.11348064588214118,1.3249392273537428,-3.002678738241429,0.06017385171181866,1
2.936507585144608,0.7332395086214987,0.696167997159289,-2.5257155634681636,1.238857466538529,-0.9456674590774333,-0.48083378951197936,0.6338247919862429,-2.3722818873518805,-2.4758932657232258,1
-0.3689849880916577,-0.7238156893872703,-1.3554475031122892,2.6344017599617127,-1.615794983356282,-2.0708116643878265,-1.7938924978678903,2.5276701250383686,-0.5173594044683256,0.7596183294612617,0
0.07661079093274048,-0.026587075018739137,-1.0158788269899783,0.5512985482373434,0.03803061977490718,-0.028474032604112336,-0.9933586995819507,-1.2351753817007762,1.2656850365431034,-0.35741294884301156,0
1.915195540748106,-0.3673347034821789,-0.8903178480198718,0.6561510004857356,-0.8533037527328352,-2.5465176202738924,-1.8437935834807457,0.7527913427607325,-0.7149034822505417,-3.2026253901391173,0
2.234137339718769,1.4921146952108049,-0.09482423128087224,-1.1007244369961748,-1.5172129029612902,-0.1200741547805658,0.38837572923016833,0.24390185130389774,-1.7123520170006725,-2.3265669589243085,1
-3.6317767666699705,0.6384941678747442,0.004229858994151577,1.2430541938458184,-1.31414228786959,-1.231139663555577,0.8913036868697555,5.279909344270793,-3.591562522027244,2.879440527052846,1
2.6616414601806246,0.40288231251581186,0.7608466543114778,-1.5060770816102185,-2.318833573937999,1.2347540617688273,0.8875039674140593,-0.052157971974938766,-1.3412112258951687,-2.167889622215118,1
0.7060303665713592,-1.2102176554642239,-0.22272070077660705,-3.175302029573498,0.318417905751867,-0.40199119990289794,0.9331280723410693,2.4765598035622123,-3.6760531823737184,-2.911443043165899,0
1.8959097659160702,-4.13049797141148,-0.0003136726117747121,3.7334856524400157,-0.6295285026688282,-6.466841817169854,1.7611881248673737,5.133274258482332,-1.3781344599200362,-2.0109235626693485,0
2.474986783424379,1.3062071811646816,0.2869558543017087,-0.3705075487052665,2.6811943982251543,-4.258020430757927,-1.270061088712032,3.512852999711063,-3.4652848113926042,-0.2997471416265963,1
1.8503199819419076,-2.237404951217437,0.35147990035220167,1.0525577165551145,-0.1936542260021208,-1.9624373666133716,-1.372859451481064,0.182516189773824,0.7745600788810981,-2.1299216296240813,1
-3.1943110789332128,1.4842082944087829,0.05119790188108534,1.3539466905843183,-0.65068141170578,-1.7591619345504912,0.04522270899998256,2.8335274686125,-2.0190329290294264,0.9746262178946765,1
1.4902446129904687,1.4400309141238241,0.08416823018569615,-0.2833262363992466,-2.699196543269466,-0.3475598588081226,-0.6498268854974364,1.5070869348880243,-2.3144839828468196,-1.7728774445587145,1
3.0434389586631143,-0.41673994705357353,0.7658782794806148,-2.5405305485399112,2.581179012541465,-1.59786459881206,0.20475888240178416,1.566535675069952,-2.566802281350525,-1.5716188985509403,1
0.7183323352920086,0.6788310280017795,-0.0350076100062359,2.691814215036783,1.552296071439871,-4.524944495083139,-0.9899577925520139,1.5051909335211486,-0.028201641505490697,0.06215469122824002,1
-1.7393387207853133,2.503430142173327,0.2579759812211809,-0.2224026797523111,0.15566109711890563,-0.9021036914283866,-1.548960525053475,0.5855875488909877,-1.4720408496482524,-0.5426306682900506,0
-1.2723304254664298,0.44903104730108123,-0.08371795984921201,0.5070211850671316,-1.5269787472364298,-0.09345910514393765,1.191707497107065,-2.62755129436021,1.6946812998343612,-3.6723714173840114,0
-1.5436166200755546,0.7060542817723257,0.5913492417584003,-1.4893306101875299,-0.1609199251078134,1.253093542192737,-1.3957892021924851,-1.1041800235816517,-0.2554962601527929,-1.4082124630818387,0
-1.0164660649841726,-0.49816921061397745,0.4809080927488954,1.4143127197903258,-1.6474351869340529,1.6197660580314,1.1818910929599615,-2.9519171716296366,3.217928208553353,-0.2536759460542828,0
-2.2063252323788154,0.5053755124083434,-1.060605066396601,0.1267997025009694,0.031577886506063635,-1.5600046210693255,0.05225849049748321,3.2722805613748096,-2.719488469143877,0.5186537465407217,1
3.9229940602620363,-0.4719631026700847,-0.35667313417987123,-0.5342646244236395,2.605380810529467,-3.8118640277109646,-0.18315047105329468,2.1237540950743843,-2.007764246766513,-1.5471171881155246,1
-1.2740713703432345,0.8317153200486909,-0.40439742318396127,0.8869952557382257,0.2148386090091301,-0.49491431519458334,2.271449745422796,0.8558637781775681,-0.2802013309068036,1.586136377388757,1
-1.193993316955679,1.0215625684355787,-0.7725687487562407,-1.7654297742414373,-1.46609994458042,1.775381542145632,-0.3494393272169559,2.2638293911409546,-3.047921625670313,0.9547156320304768,1
2.3647086691077814,-1.0669407061597485,-1.1410085097527383,1.0291744356387083,1.6453274878255402,-3.293610211742273,0.6954024745502987,1.0851938216582284,-0.10434696099852081,-0.9493014779101763,1
2.7116542532741437,1.127366210968076,1.4473056993918065,1.5158314519899765,-2.549380467642252,-2.0330781756153242,0.5062409893059261,-0.037963318976198535,-0.21020399316665314,-3.0605959057982655,1
0.5127876905652708,0.6545670602036853,-1.911640550651757,-3.698514685360767,-2.584258962140672,3.9566751452623925,1.6786746733725662,0.5740789750506177,-2.8624503801885726,-0.9553354863353636,1
-1.3814389733270707,1.5060728537116583,0.07814306296964744,0.9782845812056828,-0.7716877170645216,-1.1440538910935611,-0.8162172445419648,-0.40949789391038416,0.1061275078843496,-1.4205124598664038,0
2.120109108842785,0.061035611394784306,0.22423474453529177,-2.4941042806905194,-0.39544457455006565,0.8400372739563922,1.855503314794263,0.46106627021946833,-1.9879797593568558,-1.868326796691184,1
-1.1929201056866592,-1.4035082150065352,-0.5244481362626519,1.4737118988034892,-1.9019995149103432,-1.2813540792476474,-1.6566232076777738,2.815392509772841,-1.245033181586472,-0.08914908320031278,0
3.2628311385460265,-1.2938560701766573,-1.0513099116393445,0.18196629971236578,2.865084131614242,-3.652321131591279,-1.8316822472060261,1.2744211126122171,-0.585003682062548,-1.1579201287191565,1
-1.503637661817597,2.2719158842186307,0.8764556455029355,1.0248957305543855,-0.13433932128949533,-0.2653116085281932,-2.1523835446091804,-0.9947320353468956,0.6772506252774629,0.4807940423983066,0
-1.5454148598352568,0.22842996407378846,-0.5014021468856367,0.002236442796565541,-1.8838809005093629,-0.8200866496996888,-1.466785190615677,2.4178107678573637,-2.373318974114957,-1.3552147082937585,0
4.861466558331749,-2.787216495647166,-1.2551353719733949,1.6435088619453289,1.9730388058889536,-3.5837110566019326,-0.4776455826040052,-1.6624467358569528,2.7689426946325177,-2.8775946957157146,1
-1.89303366271039,0.31101117169476,-0.9797212247168068,0.1699590149596495,-0.27236958487908114,-1.2124684415058402,0.4581681147886987,0.7376898202733412,-0.8487703835468524,-1.590894098810817,0
-1.3929614989870989,1.9670873709405834,1.798725018351312,-2.156838435367455,-0.2657033229959628,1.7358077687932725,-0.8807540896027302,1.0149262200331777,-2.472595995959824,0.7532602870993945,1
2.756659643433741,-0.31246286381487476,0.7510994545073101,-1.5405246493918898,0.5623994830524695,-1.0488104634598456,-1.9754877712171375,0.9944205587064016,-1.79834494092979,-2.001392681870092,1
1.5022075154761114,0.7286479499145959,-0.31823752774262026,0.4459417178883849,-3.5572001462204934,0.14183319588089321,-0.6786430612941032,0.7639644285310216,-1.146797328603071,-1.7977608187252696,1
